0,0
0.000226757,0.141994
0.000453515,0.281111
0.000680272,0.414531
0.000907029,0.53955
0.00113379,0.653636
0.00136054,0.754475
0.0015873,0.840025
0.00181406,0.908552
0.00204082,0.958668
0.00226757,0.989355
0.00249433,0.999994
0.00272109,0.990367
0.00294785,0.960671
0.0031746,0.911507
0.00340136,0.843871
0.00362812,0.759133
0.00385488,0.659013
0.00408163,0.545537
0.00430839,0.421006
0.00453515,0.287943
0.0047619,0.149045
0.00498866,0.00712638
0.00521542,-0.134936
0.00544218,-0.274265
0.00566893,-0.408035
0.00589569,-0.533537
0.00612245,-0.648226
0.00634921,-0.749779
0.00657596,-0.836138
0.00680272,-0.905552
0.00702948,-0.956616
0.00725624,-0.988293
0.00748299,-0.999943
0.00770975,-0.991329
0.00793651,-0.962625
0.00816327,-0.914414
0.00839002,-0.847673
0.00861678,-0.763753
0.00884354,-0.664356
0.00907029,-0.551495
0.00929705,-0.427459
0.00952381,-0.29476
0.00975057,-0.156088
0.00997732,-0.0142524
0.0102041,0.127872
0.0104308,0.267405
0.0106576,0.401519
0.0108844,0.527496
0.0111111,0.642783
0.0113379,0.745044
0.0115646,0.832208
0.0117914,0.902506
0.0120181,0.954515
0.0122449,0.987181
0.0124717,0.999841
0.0126984,0.99224
0.0129252,0.964531
0.0131519,0.917276
0.0133787,0.851432
0.0136054,0.768334
0.0138322,0.669665
0.014059,0.557426
0.0142857,0.433891
0.0145125,0.301562
0.0147392,0.163123
0.014966,0.0213777
0.0151927,-0.120801
0.0154195,-0.260531
0.0156463,-0.394982
0.015873,-0.521428
0.0160998,-0.637308
0.0163265,-0.740272
0.0165533,-0.828235
0.01678,-0.899414
0.0170068,-0.952366
0.0172336,-0.986018
0.0174603,-0.999689
0.0176871,-0.993101
0.0179138,-0.966388
0.0181406,-0.920091
0.0183673,-0.855148
0.0185941,-0.772875
0.0188209,-0.674941
0.0190476,-0.563328
0.0192744,-0.4403
0.0195011,-0.308349
0.0197279,-0.17015
0.0199546,-0.0285019
0.0201814,0.113723
0.0204082,0.253644
0.0206349,0.388425
0.0208617,0.515334
0.0210884,0.6318
0.0213152,0.735462
0.021542,0.824221
0.0217687,0.896276
0.0219955,0.950168
0.0222222,0.984806
0.022449,0.999486
0.0226757,0.993911
0.0229025,0.968195
0.0231293,0.922859
0.023356,0.85882
0.0235828,0.777378
0.0238095,0.680182
0.0240363,0.569202
0.024263,0.446687
0.0244898,0.315121
0.0247166,0.177168
0.0249433,0.0356247
0.0251701,-0.10664
0.0253968,-0.246744
0.0256236,-0.381848
0.0258503,-0.509214
0.0260771,-0.62626
0.0263039,-0.730615
0.0265306,-0.820164
0.0267574,-0.893093
0.0269841,-0.947923
0.0272109,-0.983543
0.0274376,-0.999232
0.0276644,-0.994671
0.0278912,-0.969954
0.0281179,-0.92558
0.0283447,-0.862449
0.0285714,-0.781841
0.0287982,-0.685389
0.0290249,-0.575047
0.0292517,-0.453052
0.0294785,-0.321876
0.0297052,-0.184177
0.029932,-0.0427456
0.0301587,0.0995519
0.0303855,0.239832
0.0306122,0.375252
0.030839,0.503067
0.0310658,0.620688
0.0312925,0.725731
0.0315193,0.816066
0.031746,0.889864
0.0319728,0.945629
0.0321995,0.982231
0.0324263,0.998927
0.0326531,0.995381
0.0328798,0.971663
0.0331066,0.928254
0.0333333,0.866034
0.0335601,0.786264
0.0337868,0.690561
0.0340136,0.580863
0.0342404,0.459394
0.0344671,0.328615
0.0346939,0.191177
0.0349206,0.0498644
0.0351474,-0.0924584
0.0353741,-0.232908
0.0356009,-0.368637
0.0358277,-0.496896
0.0360544,-0.615085
0.0362812,-0.720809
0.0365079,-0.811927
0.0367347,-0.88659
0.0369615,-0.943287
0.0371882,-0.980868
0.037415,-0.998572
0.0376417,-0.99604
0.0378685,-0.973323
0.0380952,-0.930881
0.038322,-0.869575
0.0385488,-0.790648
0.0387755,-0.695697
0.0390023,-0.586649
0.039229,-0.465712
0.0394558,-0.335337
0.0396825,-0.198167
0.0399093,-0.0569806
0.0401361,0.0853602
0.0403628,0.225971
0.0405896,0.362003
0.0408163,0.490699
0.0410431,0.60945
0.0412698,0.715852
0.0414966,0.807746
0.0417234,0.883271
0.0419501,0.940897
0.0421769,0.979456
0.0424036,0.998166
0.0426304,0.996648
0.0428571,0.974933
0.0430839,0.933461
0.0433107,0.873072
0.0435374,0.794991
0.0437642,0.700799
0.0439909,0.592405
0.0442177,0.472006
0.0444444,0.342042
0.0446712,0.205147
0.044898,0.064094
0.0451247,-0.0782577
0.0453515,-0.219023
0.0455782,-0.355351
0.045805,-0.484477
0.0460317,-0.603785
0.0462585,-0.710857
0.0464853,-0.803524
0.046712,-0.879908
0.0469388,-0.93846
0.0471655,-0.977994
0.0473923,-0.997709
0.047619,-0.997206
0.0478458,-0.976494
0.0480726,-0.935993
0.0482993,-0.876525
0.0485261,-0.799294
0.0487528,-0.705865
0.0489796,-0.598131
0.0492063,-0.478277
0.0494331,-0.34873
0.0496599,-0.212116
0.0498866,-0.0712041
0.0501134,0.0711512
0.0503401,0.212065
0.0505669,0.34868
0.0507937,0.47823
0.0510204,0.598089
0.0512472,0.705827
0.0514739,0.799262
0.0517007,0.876499
0.0519274,0.935975
0.0521542,0.976482
0.052381,0.997202
0.0526077,0.997713
0.0528345,0.978005
0.0530612,0.938478
0.053288,0.879933
0.0535147,0.803556
0.0537415,0.710895
0.0539683,0.603827
0.054195,0.484523
0.0544218,0.3554
0.0546485,0.219075
0.0548753,0.0783106
0.055102,-0.064041
0.0553288,-0.205095
0.0555556,-0.341992
0.0557823,-0.47196
0.0560091,-0.592362
0.0562358,-0.700761
0.0564626,-0.794959
0.0566893,-0.873046
0.0569161,-0.933442
0.0571429,-0.974921
0.0573696,-0.996644
0.0575964,-0.998169
0.0578231,-0.979467
0.0580499,-0.940915
0.0582766,-0.883296
0.0585034,-0.807777
0.0587302,-0.715889
0.0589569,-0.609492
0.0591837,-0.490745
0.0594104,-0.362052
0.0596372,-0.226023
0.0598639,-0.0854131
0.0600907,0.0569277
0.0603175,0.198115
0.0605442,0.335287
0.060771,0.465665
0.0609977,0.586606
0.0612245,0.695659
0.0614512,0.790615
0.061678,0.869549
0.0619048,0.930862
0.0621315,0.97331
0.0623583,0.996035
0.062585,0.998575
0.0628118,0.980879
0.0630385,0.943305
0.0632653,0.886615
0.0634921,0.811958
0.0637188,0.720846
0.0639456,0.615127
0.0641723,0.496942
0.0643991,0.368686
0.0646259,0.232959
0.0648526,0.0925113
0.0650794,-0.0498114
0.0653061,-0.191125
0.0655329,-0.328565
0.0657596,-0.459346
0.0659864,-0.580819
0.0662132,-0.690522
0.0664399,-0.786231
0.0666667,-0.866008
0.0668934,-0.928234
0.0671202,-0.97165
0.0673469,-0.995376
0.0675737,-0.99893
0.0678005,-0.982241
0.0680272,-0.945646
0.068254,-0.889888
0.0684807,-0.816097
0.0687075,-0.725767
0.0689342,-0.62073
0.069161,-0.503113
0.0693878,-0.375301
0.0696145,-0.239884
0.0698413,-0.0996047
0.070068,0.0426926
0.0702948,0.184125
0.0705215,0.321826
0.0707483,0.453005
0.0709751,0.575004
0.0712018,0.68535
0.0714286,0.781808
0.0716553,0.862422
0.0718821,0.92556
0.0721088,0.969941
0.0723356,0.994666
0.0725624,0.999234
0.0727891,0.983553
0.0730159,0.94794
0.0732426,0.893117
0.0734694,0.820195
0.0736961,0.730651
0.0739229,0.626301
0.0741497,0.509259
0.0743764,0.381897
0.0746032,0.246796
0.0748299,0.106693
0.0750567,-0.0355716
0.0752834,-0.177116
0.0755102,-0.31507
0.075737,-0.44664
0.0759637,-0.569159
0.0761905,-0.680143
0.0764172,-0.777345
0.076644,-0.858793
0.0768707,-0.922838
0.0770975,-0.968182
0.0773243,-0.993906
0.077551,-0.999488
0.0777778,-0.984815
0.0780045,-0.950185
0.0782313,-0.8963
0.078458,-0.824251
0.0786848,-0.735498
0.0789116,-0.631841
0.0791383,-0.515379
0.0793651,-0.388474
0.0795918,-0.253695
0.0798186,-0.113776
0.0800454,0.0284489
0.0802721,0.170097
0.0804989,0.308299
0.0807256,0.440253
0.0809524,0.563285
0.0811791,0.674902
0.0814059,0.772842
0.0816327,0.85512
0.0818594,0.92007
0.0820862,0.966374
0.0823129,0.993095
0.0825397,0.99969
0.0827664,0.986027
0.0829932,0.952382
0.08322,0.899437
0.0834467,0.828265
0.0836735,0.740308
0.0839002,0.637349
0.084127,0.521473
0.0843537,0.39503
0.0845805,0.260582
0.0848073,0.120853
0.085034,-0.0213246
0.0852608,-0.16307
0.0854875,-0.301512
0.0857143,-0.433843
0.085941,-0.557382
0.0861678,-0.669626
0.0863946,-0.7683
0.0866213,-0.851404
0.0868481,-0.917255
0.0870748,-0.964517
0.0873016,-0.992233
0.0875283,-0.999842
0.0877551,-0.987189
0.0879819,-0.954531
0.0882086,-0.902529
0.0884354,-0.832237
0.0886621,-0.74508
0.0888889,-0.642824
0.0891156,-0.527541
0.0893424,-0.401567
0.0895692,-0.267456
0.0897959,-0.127924
0.0900227,0.0141993
0.0902494,0.156035
0.0904762,0.294709
0.0907029,0.427411
0.0909297,0.551451
0.0911565,0.664316
0.0913832,0.763719
0.09161,0.847645
0.0918367,0.914393
0.0920635,0.962611
0.0922902,0.991322
0.092517,0.999943
0.0927438,0.988301
0.0929705,0.956631
0.0931973,0.905575
0.093424,0.836167
0.0936508,0.749814
0.0938776,0.648266
0.0941043,0.533581
0.0943311,0.408084
0.0945578,0.274316
0.0947846,0.134989
0.0950113,-0.00707331
0.0952381,-0.148992
0.0954649,-0.287892
0.0956916,-0.420957
0.0959184,-0.545492
0.0961451,-0.658973
0.0963719,-0.759099
0.0965986,-0.843842
0.0968254,-0.911485
0.0970522,-0.960656
0.0972789,-0.99036
0.0975057,-0.999994
0.0977324,-0.989363
0.0979592,-0.958683
0.0981859,-0.908575
0.0984127,-0.840054
0.0986395,-0.75451
0.0988662,-0.653676
0.099093,-0.539595
0.0993197,-0.414579
0.0995465,-0.281162
0.0997732,-0.142047
0.1,-5.30718e-05
0.100227,0.141942
0.100454,0.28106
0.10068,0.414483
0.100907,0.539506
0.101134,0.653596
0.101361,0.754441
0.101587,0.839997
0.101814,0.90853
0.102041,0.958652
0.102268,0.989348
0.102494,0.999993
0.102721,0.990375
0.102948,0.960686
0.103175,0.911528
0.103401,0.843899
0.103628,0.759168
0.103855,0.659052
0.104082,0.545581
0.104308,0.421054
0.104535,0.287994
0.104762,0.149097
0.104989,0.00717945
0.105215,-0.134884
0.105442,-0.274214
0.105669,-0.407987
0.105896,-0.533492
0.106122,-0.648186
0.106349,-0.749744
0.106576,-0.836109
0.106803,-0.90553
0.107029,-0.9566
0.107256,-0.988285
0.107483,-0.999942
0.10771,-0.991336
0.107937,-0.96264
0.108163,-0.914436
0.10839,-0.847701
0.108617,-0.763787
0.108844,-0.664395
0.10907,-0.55154
0.109297,-0.427507
0.109524,-0.294811
0.109751,-0.15614
0.109977,-0.0143055
0.110204,0.127819
0.110431,0.267354
0.110658,0.40147
0.110884,0.527451
0.111111,0.642742
0.111338,0.745009
0.111565,0.832178
0.111791,0.902483
0.112018,0.954499
0.112245,0.987172
0.112472,0.99984
0.112698,0.992247
0.112925,0.964545
0.113152,0.917297
0.113379,0.85146
0.113605,0.768368
0.113832,0.669705
0.114059,0.55747
0.114286,0.433938
0.114512,0.301613
0.114739,0.163175
0.114966,0.0214308
0.115193,-0.120748
0.11542,-0.26048
0.115646,-0.394933
0.115873,-0.521383
0.1161,-0.637267
0.116327,-0.740236
0.116553,-0.828205
0.11678,-0.899391
0.117007,-0.95235
0.117234,-0.986009
0.11746,-0.999688
0.117687,-0.993107
0.117914,-0.966401
0.118141,-0.920111
0.118367,-0.855175
0.118594,-0.772909
0.118821,-0.67498
0.119048,-0.563372
0.119274,-0.440348
0.119501,-0.3084
0.119728,-0.170202
0.119955,-0.028555
0.120181,0.113671
0.120408,0.253593
0.120635,0.388376
0.120862,0.515288
0.121088,0.631759
0.121315,0.735426
0.121542,0.824191
0.121769,0.896253
0.121995,0.950152
0.122222,0.984796
0.122449,0.999484
0.122676,0.993917
0.122902,0.968209
0.123129,0.922879
0.123356,0.858847
0.123583,0.777411
0.12381,0.680221
0.124036,0.569246
0.124263,0.446735
0.12449,0.315171
0.124717,0.17722
0.124943,0.0356777
0.12517,-0.106588
0.125397,-0.246693
0.125624,-0.381799
0.12585,-0.509168
0.126077,-0.626218
0.126304,-0.730579
0.126531,-0.820134
0.126757,-0.893069
0.126984,-0.947906
0.127211,-0.983534
0.127438,-0.99923
0.127664,-0.994677
0.127891,-0.969967
0.128118,-0.9256
0.128345,-0.862476
0.128571,-0.781874
0.128798,-0.685427
0.129025,-0.57509
0.129252,-0.453099
0.129478,-0.321926
0.129705,-0.184229
0.129932,-0.0427986
0.130159,0.0994991
0.130385,0.239781
0.130612,0.375203
0.130839,0.503022
0.131066,0.620647
0.131293,0.725694
0.131519,0.816035
0.131746,0.88984
0.131973,0.945612
0.1322,0.982221
0.132426,0.998925
0.132653,0.995386
0.13288,0.971675
0.133107,0.928274
0.133333,0.866061
0.13356,0.786297
0.133787,0.690599
0.134014,0.580906
0.13424,0.459441
0.134467,0.328665
0.134694,0.191229
0.134921,0.0499174
0.135147,-0.0924056
0.135374,-0.232856
0.135601,-0.368587
0.135828,-0.49685
0.136054,-0.615043
0.136281,-0.720773
0.136508,-0.811896
0.136735,-0.886566
0.136961,-0.943269
0.137188,-0.980858
0.137415,-0.998569
0.137642,-0.996044
0.137868,-0.973335
0.138095,-0.930901
0.138322,-0.869602
0.138549,-0.79068
0.138776,-0.695735
0.139002,-0.586692
0.139229,-0.465759
0.139456,-0.335387
0.139683,-0.198219
0.139909,-0.0570336
0.140136,0.0853073
0.140363,0.22592
0.14059,0.361953
0.140816,0.490652
0.141043,0.609408
0.14127,0.715814
0.141497,0.807715
0.141723,0.883247
0.14195,0.940879
0.142177,0.979445
0.142404,0.998163
0.14263,0.996652
0.142857,0.974945
0.143084,0.93348
0.143311,0.873098
0.143537,0.795023
0.143764,0.700837
0.143991,0.592448
0.144218,0.472053
0.144444,0.342092
0.144671,0.205199
0.144898,0.064147
0.145125,-0.0782048
0.145351,-0.218972
0.145578,-0.355301
0.145805,-0.48443
0.146032,-0.603743
0.146259,-0.71082
0.146485,-0.803493
0.146712,-0.879882
0.146939,-0.938441
0.147166,-0.977983
0.147392,-0.997706
0.147619,-0.99721
0.147846,-0.976505
0.148073,-0.936012
0.148299,-0.87655
0.148526,-0.799326
0.148753,-0.705902
0.14898,-0.598174
0.149206,-0.478324
0.149433,-0.34878
0.14966,-0.212168
0.149887,-0.071257
0.150113,0.0710982
0.15034,0.212013
0.150567,0.348631
0.150794,0.478184
0.15102,0.598046
0.151247,0.705789
0.151474,0.79923
0.151701,0.876474
0.151927,0.935956
0.152154,0.976471
0.152381,0.997198
0.152608,0.997716
0.152834,0.978016
0.153061,0.938496
0.153288,0.879958
0.153515,0.803587
0.153741,0.710932
0.153968,0.60387
0.154195,0.48457
0.154422,0.35545
0.154649,0.219127
0.154875,0.0783635
0.155102,-0.0639881
0.155329,-0.205043
0.155556,-0.341943
0.155782,-0.471913
0.156009,-0.59232
0.156236,-0.700723
0.156463,-0.794926
0.156689,-0.873021
0.156916,-0.933423
0.157143,-0.974909
0.15737,-0.996639
0.157596,-0.998172
0.157823,-0.979477
0.15805,-0.940933
0.158277,-0.883321
0.158503,-0.807809
0.15873,-0.715926
0.158957,-0.609535
0.159184,-0.490791
0.15941,-0.362102
0.159637,-0.226075
0.159864,-0.085466
0.160091,0.0568747
0.160317,0.198063
0.160544,0.335237
0.160771,0.465618
0.160998,0.586563
0.161224,0.695621
0.161451,0.790583
0.161678,0.869523
0.161905,0.930842
0.162132,0.973298
0.162358,0.99603
0.162585,0.998578
0.162812,0.980889
0.163039,0.943322
0.163265,0.886639
0.163492,0.811989
0.163719,0.720883
0.163946,0.615169
0.164172,0.496988
0.164399,0.368735
0.164626,0.233011
0.164853,0.0925641
0.165079,-0.0497584
0.165306,-0.191073
0.165533,-0.328515
0.16576,-0.459299
0.165986,-0.580776
0.166213,-0.690484
0.16644,-0.786199
0.166667,-0.865981
0.166893,-0.928215
0.16712,-0.971638
0.167347,-0.995371
0.167574,-0.998932
0.1678,-0.982251
0.168027,-0.945663
0.168254,-0.889913
0.168481,-0.816128
0.168707,-0.725804
0.168934,-0.620771
0.169161,-0.503159
0.169388,-0.37535
0.169615,-0.239935
0.169841,-0.0996575
0.170068,0.0426396
0.170295,0.184073
0.170522,0.321775
0.170748,0.452957
0.170975,0.57496
0.171202,0.685311
0.171429,0.781775
0.171655,0.862395
0.171882,0.92554
0.172109,0.969928
0.172336,0.99466
0.172562,0.999236
0.172789,0.983562
0.173016,0.947957
0.173243,0.893141
0.173469,0.820225
0.173696,0.730687
0.173923,0.626343
0.17415,0.509305
0.174376,0.381946
0.174603,0.246847
0.17483,0.106746
0.175057,-0.0355186
0.175283,-0.177063
0.17551,-0.31502
0.175737,-0.446592
0.175964,-0.569115
0.17619,-0.680104
0.176417,-0.777311
0.176644,-0.858766
0.176871,-0.922818
0.177098,-0.968169
0.177324,-0.9939
0.177551,-0.999489
0.177778,-0.984824
0.178005,-0.950202
0.178231,-0.896323
0.178458,-0.824281
0.178685,-0.735534
0.178912,-0.631882
0.179138,-0.515425
0.179365,-0.388523
0.179592,-0.253747
0.179819,-0.113829
0.180045,0.0283958
0.180272,0.170045
0.180499,0.308248
0.180726,0.440205
0.180952,0.563241
0.181179,0.674862
0.181406,0.772808
0.181633,0.855093
0.181859,0.920049
0.182086,0.96636
0.182313,0.993088
0.18254,0.999692
0.182766,0.986036
0.182993,0.952398
0.18322,0.89946
0.183447,0.828295
0.183673,0.740344
0.1839,0.637389
0.184127,0.521519
0.184354,0.395079
0.18458,0.260633
0.184807,0.120906
0.185034,-0.0212716
0.185261,-0.163018
0.185488,-0.301461
0.185714,-0.433795
0.185941,-0.557338
0.186168,-0.669586
0.186395,-0.768266
0.186621,-0.851376
0.186848,-0.917233
0.187075,-0.964503
0.187302,-0.992227
0.187528,-0.999843
0.187755,-0.987198
0.187982,-0.954547
0.188209,-0.902552
0.188435,-0.832266
0.188662,-0.745115
0.188889,-0.642864
0.189116,-0.527586
0.189342,-0.401616
0.189569,-0.267507
0.189796,-0.127977
0.190023,0.0141463
0.190249,0.155983
0.190476,0.294659
0.190703,0.427363
0.19093,0.551407
0.191156,0.664276
0.191383,0.763684
0.19161,0.847616
0.191837,0.914371
0.192063,0.962597
0.19229,0.991315
0.192517,0.999944
0.192744,0.988309
0.192971,0.956646
0.193197,0.905597
0.193424,0.836196
0.193651,0.749849
0.193878,0.648307
0.194104,0.533626
0.194331,0.408132
0.194558,0.274367
0.194785,0.135042
0.195011,-0.00702024
0.195238,-0.14894
0.195465,-0.287841
0.195692,-0.420909
0.195918,-0.545448
0.196145,-0.658933
0.196372,-0.759064
0.196599,-0.843814
0.196825,-0.911463
0.197052,-0.960641
0.197279,-0.990352
0.197506,-0.999994
0.197732,-0.989371
0.197959,-0.958698
0.198186,-0.908597
0.198413,-0.840083
0.198639,-0.754545
0.198866,-0.653716
0.199093,-0.53964
0.19932,-0.414627
0.199546,-0.281213
0.199773,-0.142099
0.2,-0.000106144
0.200227,0.141889
0.200454,0.281009
0.20068,0.414434
0.200907,0.539461
0.201134,0.653555
0.201361,0.754406
0.201587,0.839968
0.201814,0.908508
0.202041,0.958637
0.202268,0.98934
0.202494,0.999993
0.202721,0.990382
0.202948,0.9607
0.203175,0.91155
0.203401,0.843927
0.203628,0.759203
0.203855,0.659092
0.204082,0.545626
0.204308,0.421102
0.204535,0.288044
0.204762,0.14915
0.204989,0.00723252
0.205215,-0.134831
0.205442,-0.274163
0.205669,-0.407938
0.205896,-0.533447
0.206122,-0.648145
0.206349,-0.749709
0.206576,-0.83608
0.206803,-0.905507
0.207029,-0.956585
0.207256,-0.988277
0.207483,-0.999942
0.20771,-0.991343
0.207937,-0.962654
0.208163,-0.914457
0.20839,-0.847729
0.208617,-0.763822
0.208844,-0.664435
0.20907,-0.551584
0.209297,-0.427555
0.209524,-0.294861
0.209751,-0.156193
0.209977,-0.0143585
0.210204,0.127767
0.210431,0.267302
0.210658,0.401421
0.210884,0.527406
0.211111,0.642702
0.211338,0.744974
0.211565,0.832149
0.211791,0.90246
0.212018,0.954483
0.212245,0.987164
0.212472,0.999839
0.212698,0.992253
0.212925,0.964559
0.213152,0.917318
0.213379,0.851488
0.213605,0.768402
0.213832,0.669744
0.214059,0.557514
0.214286,0.433986
0.214512,0.301663
0.214739,0.163228
0.214966,0.0214838
0.215193,-0.120695
0.21542,-0.260429
0.215646,-0.394884
0.215873,-0.521337
0.2161,-0.637226
0.216327,-0.740201
0.216553,-0.828176
0.21678,-0.899367
0.217007,-0.952334
0.217234,-0.986001
0.21746,-0.999686
0.217687,-0.993113
0.217914,-0.966415
0.218141,-0.920132
0.218367,-0.855203
0.218594,-0.772943
0.218821,-0.675019
0.219048,-0.563416
0.219274,-0.440395
0.219501,-0.30845
0.219728,-0.170254
0.219955,-0.028608
0.220181,0.113618
0.220408,0.253541
0.220635,0.388327
0.220862,0.515243
0.221088,0.631718
0.221315,0.73539
0.221542,0.82416
0.221769,0.896229
0.221995,0.950135
0.222222,0.984787
0.222449,0.999482
0.222676,0.993923
0.222902,0.968222
0.223129,0.9229
0.223356,0.858875
0.223583,0.777445
0.22381,0.68026
0.224036,0.569289
0.224263,0.446782
0.22449,0.315221
0.224717,0.177272
0.224943,0.0357307
0.22517,-0.106535
0.225397,-0.246641
0.225624,-0.38175
0.22585,-0.509122
0.226077,-0.626177
0.226304,-0.730543
0.226531,-0.820103
0.226757,-0.893045
0.226984,-0.947889
0.227211,-0.983524
0.227438,-0.999228
0.227664,-0.994682
0.227891,-0.969979
0.228118,-0.92562
0.228345,-0.862503
0.228571,-0.781907
0.228798,-0.685466
0.229025,-0.575134
0.229252,-0.453147
0.229478,-0.321976
0.229705,-0.184281
0.229932,-0.0428517
0.230159,0.0994463
0.230385,0.239729
0.230612,0.375154
0.230839,0.502976
0.231066,0.620605
0.231293,0.725658
0.231519,0.816005
0.231746,0.889816
0.231973,0.945594
0.2322,0.982211
0.232426,0.998922
0.232653,0.995391
0.23288,0.971688
0.233107,0.928294
0.233333,0.866087
0.23356,0.78633
0.233787,0.690637
0.234014,0.580949
0.23424,0.459488
0.234467,0.328715
0.234694,0.191281
0.234921,0.0499704
0.235147,-0.0923527
0.235374,-0.232804
0.235601,-0.368538
0.235828,-0.496804
0.236054,-0.615001
0.236281,-0.720736
0.236508,-0.811865
0.236735,-0.886541
0.236961,-0.943252
0.237188,-0.980848
0.237415,-0.998566
0.237642,-0.996049
0.237868,-0.973347
0.238095,-0.93092
0.238322,-0.869628
0.238549,-0.790713
0.238776,-0.695774
0.239002,-0.586735
0.239229,-0.465806
0.239456,-0.335437
0.239683,-0.198271
0.239909,-0.0570866
0.240136,0.0852545
0.240363,0.225868
0.24059,0.361904
0.240816,0.490606
0.241043,0.609366
0.24127,0.715777
0.241497,0.807683
0.241723,0.883222
0.24195,0.940861
0.242177,0.979435
0.242404,0.998159
0.24263,0.996657
0.242857,0.974957
0.243084,0.933499
0.243311,0.873124
0.243537,0.795055
0.243764,0.700875
0.243991,0.592491
0.244218,0.4721
0.244444,0.342142
0.244671,0.205251
0.244898,0.0641999
0.245125,-0.0781519
0.245351,-0.21892
0.245578,-0.355251
0.245805,-0.484384
0.246032,-0.6037
0.246259,-0.710783
0.246485,-0.803461
0.246712,-0.879857
0.246939,-0.938423
0.247166,-0.977972
0.247392,-0.997702
0.247619,-0.997214
0.247846,-0.976517
0.248073,-0.936031
0.248299,-0.876576
0.248526,-0.799357
0.248753,-0.70594
0.24898,-0.598216
0.249206,-0.47837
0.249433,-0.34883
0.24966,-0.21222
0.249887,-0.07131
0.250113,0.0710453
0.25034,0.211961
0.250567,0.348581
0.250794,0.478137
0.25102,0.598004
0.251247,0.705752
0.251474,0.799198
0.251701,0.876448
0.251927,0.935937
0.252154,0.976459
0.252381,0.997194
0.252608,0.99772
0.252834,0.978027
0.253061,0.938515
0.253288,0.879983
0.253515,0.803619
0.253741,0.710969
0.253968,0.603912
0.254195,0.484616
0.254422,0.3555
0.254649,0.219179
0.254875,0.0784164
0.255102,-0.0639351
0.255329,-0.204991
0.255556,-0.341893
0.255782,-0.471866
0.256009,-0.592277
0.256236,-0.700685
0.256463,-0.794894
0.256689,-0.872995
0.256916,-0.933404
0.257143,-0.974898
0.25737,-0.996635
0.257596,-0.998176
0.257823,-0.979488
0.25805,-0.940951
0.258277,-0.883346
0.258503,-0.80784
0.25873,-0.715963
0.258957,-0.609577
0.259184,-0.490837
0.25941,-0.362151
0.259637,-0.226126
0.259864,-0.0855188
0.260091,0.0568217
0.260317,0.198011
0.260544,0.335187
0.260771,0.465571
0.260998,0.58652
0.261224,0.695583
0.261451,0.79055
0.261678,0.869497
0.261905,0.930823
0.262132,0.973286
0.262358,0.996026
0.262585,0.99858
0.262812,0.980899
0.263039,0.94334
0.263265,0.886664
0.263492,0.81202
0.263719,0.72092
0.263946,0.61521
0.264172,0.497034
0.264399,0.368785
0.264626,0.233062
0.264853,0.0926169
0.265079,-0.0497054
0.265306,-0.19102
0.265533,-0.328464
0.26576,-0.459252
0.265986,-0.580733
0.266213,-0.690445
0.26644,-0.786166
0.266667,-0.865955
0.266893,-0.928195
0.26712,-0.971625
0.267347,-0.995365
0.267574,-0.998935
0.2678,-0.98226
0.268027,-0.945681
0.268254,-0.889937
0.268481,-0.816158
0.268707,-0.72584
0.268934,-0.620813
0.269161,-0.503205
0.269388,-0.3754
0.269615,-0.239987
0.269841,-0.0997103
0.270068,0.0425865
0.270295,0.18402
0.270522,0.321725
0.270748,0.45291
0.270975,0.574917
0.271202,0.685273
0.271429,0.781742
0.271655,0.862369
0.271882,0.92552
0.272109,0.969915
0.272336,0.994655
0.272562,0.999238
0.272789,0.983572
0.273016,0.947973
0.273243,0.893164
0.273469,0.820255
0.273696,0.730724
0.273923,0.626384
0.27415,0.509351
0.274376,0.381995
0.274603,0.246899
0.27483,0.106799
0.275057,-0.0354655
0.275283,-0.177011
0.27551,-0.314969
0.275737,-0.446545
0.275964,-0.569071
0.27619,-0.680065
0.276417,-0.777278
0.276644,-0.858739
0.276871,-0.922797
0.277098,-0.968155
0.277324,-0.993894
0.277551,-0.999491
0.277778,-0.984833
0.278005,-0.950218
0.278231,-0.896347
0.278458,-0.824311
0.278685,-0.73557
0.278912,-0.631923
0.279138,-0.51547
0.279365,-0.388571
0.279592,-0.253798
0.279819,-0.113882
0.280045,0.0283428
0.280272,0.169993
0.280499,0.308198
0.280726,0.440157
0.280952,0.563197
0.281179,0.674823
0.281406,0.772774
0.281633,0.855065
0.281859,0.920028
0.282086,0.966347
0.282313,0.993082
0.28254,0.999693
0.282766,0.986045
0.282993,0.952414
0.28322,0.899483
0.283447,0.828324
0.283673,0.740379
0.2839,0.63743
0.284127,0.521564
0.284354,0.395128
0.28458,0.260685
0.284807,0.120959
0.285034,-0.0212185
0.285261,-0.162966
0.285488,-0.30141
0.285714,-0.433747
0.285941,-0.557294
0.286168,-0.669547
0.286395,-0.768232
0.286621,-0.851348
0.286848,-0.917212
0.287075,-0.964489
0.287302,-0.99222
0.287528,-0.999844
0.287755,-0.987206
0.287982,-0.954562
0.288209,-0.902574
0.288435,-0.832296
0.288662,-0.745151
0.288889,-0.642905
0.289116,-0.527631
0.289342,-0.401664
0.289569,-0.267558
0.289796,-0.12803
0.290023,0.0140932
0.290249,0.15593
0.290476,0.294608
0.290703,0.427315
0.29093,0.551363
0.291156,0.664237
0.291383,0.76365
0.29161,0.847588
0.291837,0.91435
0.292063,0.962582
0.29229,0.991308
0.292517,0.999945
0.292744,0.988317
0.292971,0.956662
0.293197,0.90562
0.293424,0.836225
0.293651,0.749884
0.293878,0.648347
0.294104,0.533671
0.294331,0.40818
0.294558,0.274418
0.294785,0.135094
0.295011,-0.00696717
0.295238,-0.148887
0.295465,-0.28779
0.295692,-0.420861
0.295918,-0.545403
0.296145,-0.658893
0.296372,-0.75903
0.296599,-0.843785
0.296825,-0.911441
0.297052,-0.960627
0.297279,-0.990345
0.297506,-0.999994
0.297732,-0.989378
0.297959,-0.958713
0.298186,-0.908619
0.298413,-0.840112
0.298639,-0.75458
0.298866,-0.653756
0.299093,-0.539684
0.29932,-0.414676
0.299546,-0.281264
0.299773,-0.142152
0.3,-0.000159215
0.300227,0.141837
0.300454,0.280958
0.30068,0.414386
0.300907,0.539416
0.301134,0.653515
0.301361,0.754371
0.301587,0.839939
0.301814,0.908486
0.302041,0.958622
0.302268,0.989332
0.302494,0.999993
0.302721,0.990389
0.302948,0.960715
0.303175,0.911572
0.303401,0.843956
0.303628,0.759237
0.303855,0.659132
0.304082,0.54567
0.304308,0.42115
0.304535,0.288095
0.304762,0.149202
0.304989,0.00728559
0.305215,-0.134779
0.305442,-0.274112
0.305669,-0.40789
0.305896,-0.533402
0.306122,-0.648105
0.306349,-0.749674
0.306576,-0.83605
0.306803,-0.905485
0.307029,-0.956569
0.307256,-0.988269
0.307483,-0.999941
0.30771,-0.99135
0.307937,-0.962668
0.308163,-0.914479
0.30839,-0.847757
0.308617,-0.763856
0.308844,-0.664475
0.30907,-0.551628
0.309297,-0.427603
0.309524,-0.294912
0.309751,-0.156245
0.309977,-0.0144116
0.310204,0.127714
0.310431,0.267251
0.310658,0.401373
0.310884,0.52736
0.311111,0.642661
0.311338,0.744938
0.311565,0.832119
0.311791,0.902437
0.312018,0.954467
0.312245,0.987155
0.312472,0.999838
0.312698,0.99226
0.312925,0.964573
0.313152,0.917339
0.313379,0.851515
0.313605,0.768436
0.313832,0.669784
0.314059,0.557558
0.314286,0.434034
0.314512,0.301714
0.314739,0.16328
0.314966,0.0215369
0.315193,-0.120643
0.31542,-0.260377
0.315646,-0.394835
0.315873,-0.521292
0.3161,-0.637185
0.316327,-0.740165
0.316553,-0.828146
0.31678,-0.899344
0.317007,-0.952317
0.317234,-0.985992
0.31746,-0.999685
0.317687,-0.99312
0.317914,-0.966429
0.318141,-0.920153
0.318367,-0.85523
0.318594,-0.772976
0.318821,-0.675058
0.319048,-0.56346
0.319274,-0.440443
0.319501,-0.308501
0.319728,-0.170307
0.319955,-0.0286611
0.320181,0.113565
0.320408,0.25349
0.320635,0.388278
0.320862,0.515197
0.321088,0.631676
0.321315,0.735354
0.321542,0.82413
0.321769,0.896205
0.321995,0.950119
0.322222,0.984778
0.322449,0.999481
0.322676,0.993929
0.322902,0.968235
0.323129,0.92292
0.323356,0.858902
0.323583,0.777478
0.32381,0.680299
0.324036,0.569333
0.324263,0.44683
0.32449,0.315272
0.324717,0.177324
0.324943,0.0357838
0.32517,-0.106482
0.325397,-0.24659
0.325624,-0.381701
0.32585,-0.509077
0.326077,-0.626136
0.326304,-0.730506
0.326531,-0.820073
0.326757,-0.893021
0.326984,-0.947872
0.327211,-0.983514
0.327438,-0.999226
0.327664,-0.994688
0.327891,-0.969992
0.328118,-0.92564
0.328345,-0.86253
0.328571,-0.78194
0.328798,-0.685505
0.329025,-0.575177
0.329252,-0.453194
0.329478,-0.322027
0.329705,-0.184333
0.329932,-0.0429047
0.330159,0.0993935
0.330385,0.239677
0.330612,0.375104
0.330839,0.50293
0.331066,0.620563
0.331293,0.725621
0.331519,0.815974
0.331746,0.889791
0.331973,0.945577
0.3322,0.982201
0.332426,0.99892
0.332653,0.995396
0.33288,0.9717
0.333107,0.928313
0.333333,0.866114
0.33356,0.786363
0.333787,0.690676
0.334014,0.580992
0.33424,0.459535
0.334467,0.328765
0.334694,0.191333
0.334921,0.0500234
0.335147,-0.0922999
0.335374,-0.232753
0.335601,-0.368489
0.335828,-0.496757
0.336054,-0.614959
0.336281,-0.720699
0.336508,-0.811834
0.336735,-0.886517
0.336961,-0.943234
0.337188,-0.980837
0.337415,-0.998563
0.337642,-0.996054
0.337868,-0.973359
0.338095,-0.930939
0.338322,-0.869654
0.338549,-0.790745
0.338776,-0.695812
0.339002,-0.586778
0.339229,-0.465853
0.339456,-0.335487
0.339683,-0.198323
0.339909,-0.0571396
0.340136,0.0852016
0.340363,0.225816
0.34059,0.361855
0.340816,0.49056
0.341043,0.609324
0.34127,0.71574
0.341497,0.807652
0.341723,0.883197
0.34195,0.940843
0.342177,0.979424
0.342404,0.998156
0.34263,0.996661
0.342857,0.974968
0.343084,0.933518
0.343311,0.87315
0.343537,0.795087
0.343764,0.700912
0.343991,0.592533
0.344218,0.472147
0.344444,0.342192
0.344671,0.205303
0.344898,0.0642529
0.345125,-0.0780989
0.345351,-0.218868
0.345578,-0.355202
0.345805,-0.484338
0.346032,-0.603658
0.346259,-0.710745
0.346485,-0.803429
0.346712,-0.879832
0.346939,-0.938405
0.347166,-0.977961
0.347392,-0.997698
0.347619,-0.997218
0.347846,-0.976528
0.348073,-0.936049
0.348299,-0.876601
0.348526,-0.799389
0.348753,-0.705977
0.34898,-0.598259
0.349206,-0.478417
0.349433,-0.348879
0.34966,-0.212272
0.349887,-0.0713629
0.350113,0.0709923
0.35034,0.211909
0.350567,0.348531
0.350794,0.47809
0.35102,0.597961
0.351247,0.705714
0.351474,0.799166
0.351701,0.876423
0.351927,0.935919
0.352154,0.976448
0.352381,0.99719
0.352608,0.997723
0.352834,0.978038
0.353061,0.938533
0.353288,0.880009
0.353515,0.803651
0.353741,0.711007
0.353968,0.603954
0.354195,0.484662
0.354422,0.355549
0.354649,0.219231
0.354875,0.0784693
0.355102,-0.0638821
0.355329,-0.204939
0.355556,-0.341843
0.355782,-0.471819
0.356009,-0.592234
0.356236,-0.700647
0.356463,-0.794862
0.356689,-0.872969
0.356916,-0.933385
0.357143,-0.974886
0.35737,-0.996631
0.357596,-0.998179
0.357823,-0.979499
0.35805,-0.940969
0.358277,-0.883371
0.358503,-0.807871
0.35873,-0.716
0.358957,-0.609619
0.359184,-0.490884
0.35941,-0.362201
0.359637,-0.226178
0.359864,-0.0855717
0.360091,0.0567687
0.360317,0.197959
0.360544,0.335137
0.360771,0.465524
0.360998,0.586477
0.361224,0.695545
0.361451,0.790518
0.361678,0.86947
0.361905,0.930804
0.362132,0.973274
0.362358,0.996021
0.362585,0.998583
0.362812,0.98091
0.363039,0.943358
0.363265,0.886688
0.363492,0.812051
0.363719,0.720957
0.363946,0.615252
0.364172,0.49708
0.364399,0.368834
0.364626,0.233114
0.364853,0.0926698
0.365079,-0.0496524
0.365306,-0.190968
0.365533,-0.328414
0.36576,-0.459205
0.365986,-0.58069
0.366213,-0.690407
0.36644,-0.786133
0.366667,-0.865928
0.366893,-0.928175
0.36712,-0.971613
0.367347,-0.99536
0.367574,-0.998937
0.3678,-0.98227
0.368027,-0.945698
0.368254,-0.889961
0.368481,-0.816189
0.368707,-0.725877
0.368934,-0.620855
0.369161,-0.503251
0.369388,-0.375449
0.369615,-0.240038
0.369841,-0.0997632
0.370068,0.0425335
0.370295,0.183968
0.370522,0.321675
0.370748,0.452863
0.370975,0.574873
0.371202,0.685234
0.371429,0.781709
0.371655,0.862342
0.371882,0.925499
0.372109,0.969902
0.372336,0.994649
0.372562,0.99924
0.372789,0.983581
0.373016,0.94799
0.373243,0.893188
0.373469,0.820286
0.373696,0.73076
0.373923,0.626425
0.37415,0.509396
0.374376,0.382044
0.374603,0.24695
0.37483,0.106851
0.375057,-0.0354125
0.375283,-0.176959
0.37551,-0.314919
0.375737,-0.446497
0.375964,-0.569028
0.37619,-0.680026
0.376417,-0.777244
0.376644,-0.858712
0.376871,-0.922777
0.377098,-0.968142
0.377324,-0.993888
0.377551,-0.999493
0.377778,-0.984843
0.378005,-0.950235
0.378231,-0.89637
0.378458,-0.824341
0.378685,-0.735606
0.378912,-0.631964
0.379138,-0.515516
0.379365,-0.38862
0.379592,-0.253849
0.379819,-0.113934
0.380045,0.0282897
0.380272,0.16994
0.380499,0.308147
0.380726,0.44011
0.380952,0.563153
0.381179,0.674784
0.381406,0.772741
0.381633,0.855038
0.381859,0.920007
0.382086,0.966333
0.382313,0.993076
0.38254,0.999694
0.382766,0.986054
0.382993,0.952431
0.38322,0.899507
0.383447,0.828354
0.383673,0.740415
0.3839,0.637471
0.384127,0.521609
0.384354,0.395177
0.38458,0.260736
0.384807,0.121011
0.385034,-0.0211655
0.385261,-0.162913
0.385488,-0.30136
0.385714,-0.433699
0.385941,-0.55725
0.386168,-0.669508
0.386395,-0.768198
0.386621,-0.851321
0.386848,-0.917191
0.387075,-0.964475
0.387302,-0.992214
0.387528,-0.999845
0.387755,-0.987215
0.387982,-0.954578
0.388209,-0.902597
0.388435,-0.832325
0.388662,-0.745186
0.388889,-0.642946
0.389116,-0.527676
0.389342,-0.401713
0.389569,-0.267609
0.389796,-0.128082
0.390023,0.0140401
0.390249,0.155878
0.390476,0.294557
0.390703,0.427267
0.39093,0.551318
0.391156,0.664197
0.391383,0.763616
0.39161,0.84756
0.391837,0.914328
0.392063,0.962568
0.39229,0.991301
0.392517,0.999945
0.392744,0.988325
0.392971,0.956677
0.393197,0.905642
0.393424,0.836254
0.393651,0.749919
0.393878,0.648388
0.394104,0.533716
0.394331,0.408229
0.394558,0.274469
0.394785,0.135147
0.395011,-0.0069141
0.395238,-0.148835
0.395465,-0.287739
0.395692,-0.420813
0.395918,-0.545359
0.396145,-0.658853
0.396372,-0.758995
0.396599,-0.843757
0.396825,-0.911419
0.397052,-0.960612
0.397279,-0.990338
0.397506,-0.999994
0.397732,-0.989386
0.397959,-0.958728
0.398186,-0.908641
0.398413,-0.840141
0.398639,-0.754615
0.398866,-0.653796
0.399093,-0.539729
0.39932,-0.414724
0.399546,-0.281315
0.399773,-0.142204
0.4,-0.000212287
0.400227,0.141784
0.400454,0.280907
0.40068,0.414338
0.400907,0.539372
0.401134,0.653475
0.401361,0.754336
0.401587,0.83991
0.401814,0.908464
0.402041,0.958607
0.402268,0.989324
0.402494,0.999993
0.402721,0.990397
0.402948,0.96073
0.403175,0.911594
0.403401,0.843984
0.403628,0.759272
0.403855,0.659172
0.404082,0.545715
0.404308,0.421198
0.404535,0.288146
0.404762,0.149255
0.404989,0.00733866
0.405215,-0.134726
0.405442,-0.274061
0.405669,-0.407841
0.405896,-0.533357
0.406122,-0.648064
0.406349,-0.749638
0.406576,-0.836021
0.406803,-0.905462
0.407029,-0.956554
0.407256,-0.988261
0.407483,-0.999941
0.40771,-0.991357
0.407937,-0.962683
0.408163,-0.9145
0.40839,-0.847785
0.408617,-0.76389
0.408844,-0.664514
0.40907,-0.551672
0.409297,-0.427651
0.409524,-0.294963
0.409751,-0.156297
0.409977,-0.0144647
0.410204,0.127661
0.410431,0.2672
0.410658,0.401324
0.410884,0.527315
0.411111,0.64262
0.411338,0.744903
0.411565,0.83209
0.411791,0.902414
0.412018,0.954452
0.412245,0.987147
0.412472,0.999837
0.412698,0.992266
0.412925,0.964587
0.413152,0.91736
0.413379,0.851543
0.413605,0.76847
0.413832,0.669823
0.414059,0.557602
0.414286,0.434082
0.414512,0.301765
0.414739,0.163332
0.414966,0.0215899
0.415193,-0.12059
0.41542,-0.260326
0.415646,-0.394787
0.415873,-0.521247
0.4161,-0.637144
0.416327,-0.740129
0.416553,-0.828116
0.41678,-0.899321
0.417007,-0.952301
0.417234,-0.985983
0.41746,-0.999684
0.417687,-0.993126
0.417914,-0.966442
0.418141,-0.920174
0.418367,-0.855258
0.418594,-0.77301
0.418821,-0.675097
0.419048,-0.563504
0.419274,-0.440491
0.419501,-0.308551
0.419728,-0.170359
0.419955,-0.0287141
0.420181,0.113512
0.420408,0.253439
0.420635,0.388229
0.420862,0.515152
0.421088,0.631635
0.421315,0.735318
0.421542,0.8241
0.421769,0.896182
0.421995,0.950102
0.422222,0.984769
0.422449,0.999479
0.422676,0.993935
0.422902,0.968248
0.423129,0.92294
0.423356,0.858929
0.423583,0.777511
0.42381,0.680338
0.424036,0.569377
0.424263,0.446877
0.42449,0.315322
0.424717,0.177377
0.424943,0.0358368
0.42517,-0.106429
0.425397,-0.246539
0.425624,-0.381652
0.42585,-0.509031
0.426077,-0.626094
0.426304,-0.73047
0.426531,-0.820043
0.426757,-0.892997
0.426984,-0.947855
0.427211,-0.983505
0.427438,-0.999224
0.427664,-0.994693
0.427891,-0.970005
0.428118,-0.92566
0.428345,-0.862557
0.428571,-0.781973
0.428798,-0.685543
0.429025,-0.575221
0.429252,-0.453241
0.429478,-0.322077
0.429705,-0.184386
0.429932,-0.0429577
0.430159,0.0993407
0.430385,0.239626
0.430612,0.375055
0.430839,0.502884
0.431066,0.620522
0.431293,0.725585
0.431519,0.815943
0.431746,0.889767
0.431973,0.94556
0.4322,0.982191
0.432426,0.998917
0.432653,0.995401
0.43288,0.971713
0.433107,0.928333
0.433333,0.86614
0.43356,0.786395
0.433787,0.690714
0.434014,0.581035
0.43424,0.459582
0.434467,0.328815
0.434694,0.191385
0.434921,0.0500764
0.435147,-0.092247
0.435374,-0.232701
0.435601,-0.368439
0.435828,-0.496711
0.436054,-0.614917
0.436281,-0.720662
0.436508,-0.811803
0.436735,-0.886492
0.436961,-0.943217
0.437188,-0.980827
0.437415,-0.998561
0.437642,-0.996059
0.437868,-0.973371
0.438095,-0.930959
0.438322,-0.86968
0.438549,-0.790778
0.438776,-0.69585
0.439002,-0.586821
0.439229,-0.4659
0.439456,-0.335537
0.439683,-0.198375
0.439909,-0.0571926
0.440136,0.0851487
0.440363,0.225764
0.44059,0.361805
0.440816,0.490514
0.441043,0.609282
0.44127,0.715703
0.441497,0.807621
0.441723,0.883172
0.44195,0.940825
0.442177,0.979413
0.442404,0.998153
0.44263,0.996665
0.442857,0.97498
0.443084,0.933537
0.443311,0.873176
0.443537,0.79512
0.443764,0.70095
0.443991,0.592576
0.444218,0.472193
0.444444,0.342242
0.444671,0.205355
0.444898,0.0643058
0.445125,-0.078046
0.445351,-0.218816
0.445578,-0.355152
0.445805,-0.484291
0.446032,-0.603616
0.446259,-0.710708
0.446485,-0.803398
0.446712,-0.879807
0.446939,-0.938386
0.447166,-0.97795
0.447392,-0.997695
0.447619,-0.997222
0.447846,-0.97654
0.448073,-0.936068
0.448299,-0.876627
0.448526,-0.799421
0.448753,-0.706015
0.44898,-0.598301
0.449206,-0.478463
0.449433,-0.348929
0.44966,-0.212324
0.449887,-0.0714158
0.450113,0.0709394
0.45034,0.211857
0.450567,0.348481
0.450794,0.478044
0.45102,0.597919
0.451247,0.705677
0.451474,0.799134
0.451701,0.876397
0.451927,0.9359
0.452154,0.976437
0.452381,0.997186
0.452608,0.997727
0.452834,0.978049
0.453061,0.938551
0.453288,0.880034
0.453515,0.803682
0.453741,0.711044
0.453968,0.603996
0.454195,0.484709
0.454422,0.355599
0.454649,0.219282
0.454875,0.0785222
0.455102,-0.0638292
0.455329,-0.204887
0.455556,-0.341793
0.455782,-0.471772
0.456009,-0.592191
0.456236,-0.700609
0.456463,-0.79483
0.456689,-0.872943
0.456916,-0.933366
0.457143,-0.974874
0.45737,-0.996626
0.457596,-0.998182
0.457823,-0.979509
0.45805,-0.940987
0.458277,-0.883396
0.458503,-0.807902
0.45873,-0.716037
0.458957,-0.609661
0.459184,-0.49093
0.45941,-0.36225
0.459637,-0.22623
0.459864,-0.0856246
0.460091,0.0567157
0.460317,0.197907
0.460544,0.335087
0.460771,0.465477
0.460998,0.586434
0.461224,0.695507
0.461451,0.790485
0.461678,0.869444
0.461905,0.930784
0.462132,0.973262
0.462358,0.996016
0.462585,0.998586
0.462812,0.98092
0.463039,0.943375
0.463265,0.886713
0.463492,0.812082
0.463719,0.720993
0.463946,0.615294
0.464172,0.497126
0.464399,0.368883
0.464626,0.233166
0.464853,0.0927226
0.465079,-0.0495994
0.465306,-0.190916
0.465533,-0.328364
0.46576,-0.459158
0.465986,-0.580647
0.466213,-0.690369
0.46644,-0.7861
0.466667,-0.865902
0.466893,-0.928155
0.46712,-0.9716
0.467347,-0.995355
0.467574,-0.99894
0.4678,-0.98228
0.468027,-0.945715
0.468254,-0.889985
0.468481,-0.81622
0.468707,-0.725913
0.468934,-0.620896
0.469161,-0.503297
0.469388,-0.375498
0.469615,-0.24009
0.469841,-0.099816
0.470068,0.0424805
0.470295,0.183916
0.470522,0.321625
0.470748,0.452815
0.470975,0.57483
0.471202,0.685195
0.471429,0.781675
0.471655,0.862315
0.471882,0.925479
0.472109,0.969889
0.472336,0.994644
0.472562,0.999242
0.472789,0.983591
0.473016,0.948007
0.473243,0.893212
0.473469,0.820316
0.473696,0.730796
0.473923,0.626467
0.47415,0.509442
0.474376,0.382093
0.474603,0.247001
0.47483,0.106904
0.475057,-0.0353595
0.475283,-0.176907
0.47551,-0.314869
0.475737,-0.44645
0.475964,-0.568984
0.47619,-0.679987
0.476417,-0.777211
0.476644,-0.858684
0.476871,-0.922756
0.477098,-0.968129
0.477324,-0.993882
0.477551,-0.999494
0.477778,-0.984852
0.478005,-0.950251
0.478231,-0.896394
0.478458,-0.824371
0.478685,-0.735642
0.478912,-0.632005
0.479138,-0.515561
0.479365,-0.388669
0.479592,-0.253901
0.479819,-0.113987
0.480045,0.0282366
0.480272,0.169888
0.480499,0.308097
0.480726,0.440062
0.480952,0.563109
0.481179,0.674745
0.481406,0.772707
0.481633,0.85501
0.481859,0.919987
0.482086,0.966319
0.482313,0.99307
0.48254,0.999696
0.482766,0.986062
0.482993,0.952447
0.48322,0.89953
0.483447,0.828384
0.483673,0.740451
0.4839,0.637512
0.484127,0.521654
0.484354,0.395225
0.48458,0.260787
0.484807,0.121064
0.485034,-0.0211124
0.485261,-0.162861
0.485488,-0.301309
0.485714,-0.433651
0.485941,-0.557206
0.486168,-0.669468
0.486395,-0.768164
0.486621,-0.851293
0.486848,-0.91717
0.487075,-0.964461
0.487302,-0.992207
0.487528,-0.999846
0.487755,-0.987223
0.487982,-0.954594
0.488209,-0.90262
0.488435,-0.832355
0.488662,-0.745221
0.488889,-0.642986
0.489116,-0.527721
0.489342,-0.401762
0.489569,-0.26766
0.489796,-0.128135
0.490023,0.0139871
0.490249,0.155826
0.490476,0.294506
0.490703,0.427219
0.49093,0.551274
0.491156,0.664157
0.491383,0.763582
0.49161,0.847532
0.491837,0.914307
0.492063,0.962553
0.49229,0.991294
0.492517,0.999946
0.492744,0.988334
0.492971,0.956693
0.493197,0.905665
0.493424,0.836283
0.493651,0.749955
0.493878,0.648428
0.494104,0.533761
0.494331,0.408277
0.494558,0.27452
0.494785,0.135199
0.495011,-0.00686103
0.495238,-0.148782
0.495465,-0.287689
0.495692,-0.420765
0.495918,-0.545314
0.496145,-0.658813
0.496372,-0.758961
0.496599,-0.843728
0.496825,-0.911397
0.497052,-0.960597
0.497279,-0.99033
0.497506,-0.999995
0.497732,-0.989394
0.497959,-0.958743
0.498186,-0.908663
0.498413,-0.840169
0.498639,-0.75465
0.498866,-0.653837
0.499093,-0.539774
0.49932,-0.414772
0.499546,-0.281366
0.499773,-0.142257
0.5,-0.000265359
0.500227,0.141732
0.500454,0.280856
0.50068,0.414289
0.500907,0.539327
0.501134,0.653435
0.501361,0.754301
0.501587,0.839881
0.501814,0.908442
0.502041,0.958592
0.502268,0.989317
0.502494,0.999993
0.502721,0.990404
0.502948,0.960745
0.503175,0.911616
0.503401,0.844013
0.503628,0.759306
0.503855,0.659212
0.504082,0.545759
0.504308,0.421246
0.504535,0.288197
0.504762,0.149307
0.504989,0.00739173
0.505215,-0.134673
0.505442,-0.27401
0.505669,-0.407793
0.505896,-0.533312
0.506122,-0.648024
0.506349,-0.749603
0.506576,-0.835992
0.506803,-0.90544
0.507029,-0.956538
0.507256,-0.988253
0.507483,-0.99994
0.50771,-0.991364
0.507937,-0.962697
0.508163,-0.914522
0.50839,-0.847813
0.508617,-0.763924
0.508844,-0.664554
0.50907,-0.551717
0.509297,-0.427699
0.509524,-0.295014
0.509751,-0.15635
0.509977,-0.0145177
0.510204,0.127609
0.510431,0.267149
0.510658,0.401276
0.510884,0.52727
0.511111,0.64258
0.511338,0.744867
0.511565,0.83206
0.511791,0.902392
0.512018,0.954436
0.512245,0.987138
0.512472,0.999837
0.512698,0.992273
0.512925,0.964601
0.513152,0.917381
0.513379,0.851571
0.513605,0.768504
0.513832,0.669862
0.514059,0.557646
0.514286,0.43413
0.514512,0.301815
0.514739,0.163385
0.514966,0.021643
0.515193,-0.120537
0.51542,-0.260275
0.515646,-0.394738
0.515873,-0.521202
0.5161,-0.637103
0.516327,-0.740094
0.516553,-0.828086
0.51678,-0.899298
0.517007,-0.952285
0.517234,-0.985974
0.51746,-0.999682
0.517687,-0.993132
0.517914,-0.966456
0.518141,-0.920194
0.518367,-0.855285
0.518594,-0.773044
0.518821,-0.675137
0.519048,-0.563548
0.519274,-0.440538
0.519501,-0.308602
0.519728,-0.170411
0.519955,-0.0287672
0.520181,0.11346
0.520408,0.253387
0.520635,0.38818
0.520862,0.515106
0.521088,0.631594
0.521315,0.735282
0.521542,0.82407
0.521769,0.896158
0.521995,0.950086
0.522222,0.98476
0.522449,0.999477
0.522676,0.993941
0.522902,0.968262
0.523129,0.922961
0.523356,0.858956
0.523583,0.777545
0.52381,0.680376
0.524036,0.56942
0.524263,0.446925
0.52449,0.315372
0.524717,0.177429
0.524943,0.0358899
0.52517,-0.106377
0.525397,-0.246487
0.525624,-0.381603
0.52585,-0.508985
0.526077,-0.626053
0.526304,-0.730434
0.526531,-0.820012
0.526757,-0.892973
0.526984,-0.947838
0.527211,-0.983495
0.527438,-0.999222
0.527664,-0.994699
0.527891,-0.970018
0.528118,-0.92568
0.528345,-0.862583
0.528571,-0.782006
0.528798,-0.685582
0.529025,-0.575264
0.529252,-0.453289
0.529478,-0.322127
0.529705,-0.184438
0.529932,-0.0430107
0.530159,0.0992879
0.530385,0.239574
0.530612,0.375006
0.530839,0.502838
0.531066,0.62048
0.531293,0.725548
0.531519,0.815913
0.531746,0.889743
0.531973,0.945543
0.5322,0.982181
0.532426,0.998915
0.532653,0.995406
0.53288,0.971725
0.533107,0.928353
0.533333,0.866167
0.53356,0.786428
0.533787,0.690752
0.534014,0.581079
0.53424,0.459629
0.534467,0.328865
0.534694,0.191437
0.534921,0.0501294
0.535147,-0.0921942
0.535374,-0.232649
0.535601,-0.36839
0.535828,-0.496665
0.536054,-0.614876
0.536281,-0.720625
0.536508,-0.811772
0.536735,-0.886468
0.536961,-0.943199
0.537188,-0.980817
0.537415,-0.998558
0.537642,-0.996063
0.537868,-0.973383
0.538095,-0.930978
0.538322,-0.869706
0.538549,-0.79081
0.538776,-0.695888
0.539002,-0.586864
0.539229,-0.465947
0.539456,-0.335587
0.539683,-0.198427
0.539909,-0.0572456
0.540136,0.0850958
0.540363,0.225713
0.54059,0.361756
0.540816,0.490467
0.541043,0.60924
0.54127,0.715666
0.541497,0.80759
0.541723,0.883147
0.54195,0.940807
0.542177,0.979402
0.542404,0.99815
0.54263,0.99667
0.542857,0.974992
0.543084,0.933556
0.543311,0.873202
0.543537,0.795152
0.543764,0.700988
0.543991,0.592619
0.544218,0.47224
0.544444,0.342292
0.544671,0.205407
0.544898,0.0643588
0.545125,-0.0779931
0.545351,-0.218765
0.545578,-0.355103
0.545805,-0.484245
0.546032,-0.603573
0.546259,-0.710671
0.546485,-0.803366
0.546712,-0.879782
0.546939,-0.938368
0.547166,-0.977939
0.547392,-0.997691
0.547619,-0.997225
0.547846,-0.976551
0.548073,-0.936087
0.548299,-0.876653
0.548526,-0.799453
0.548753,-0.706053
0.54898,-0.598344
0.549206,-0.47851
0.549433,-0.348979
0.54966,-0.212376
0.549887,-0.0714688
0.550113,0.0708865
0.55034,0.211805
0.550567,0.348432
0.550794,0.477997
0.55102,0.597876
0.551247,0.705639
0.551474,0.799102
0.551701,0.876372
0.551927,0.935881
0.552154,0.976425
0.552381,0.997182
0.552608,0.997731
0.552834,0.97806
0.553061,0.93857
0.553288,0.880059
0.553515,0.803714
0.553741,0.711081
0.553968,0.604039
0.554195,0.484755
0.554422,0.355648
0.554649,0.219334
0.554875,0.0785751
0.555102,-0.0637762
0.555329,-0.204835
0.555556,-0.341743
0.555782,-0.471726
0.556009,-0.592149
0.556236,-0.700572
0.556463,-0.794798
0.556689,-0.872917
0.556916,-0.933347
0.557143,-0.974862
0.55737,-0.996622
0.557596,-0.998185
0.557823,-0.97952
0.55805,-0.941005
0.558277,-0.883421
0.558503,-0.807934
0.55873,-0.716074
0.558957,-0.609703
0.559184,-0.490976
0.55941,-0.3623
0.559637,-0.226281
0.559864,-0.0856775
0.560091,0.0566627
0.560317,0.197855
0.560544,0.335037
0.560771,0.46543
0.560998,0.586391
0.561224,0.695469
0.561451,0.790453
0.561678,0.869418
0.561905,0.930765
0.562132,0.973249
0.562358,0.996011
0.562585,0.998589
0.562812,0.98093
0.563039,0.943393
0.563265,0.886738
0.563492,0.812113
0.563719,0.72103
0.563946,0.615336
0.564172,0.497172
0.564399,0.368933
0.564626,0.233217
0.564853,0.0927755
0.565079,-0.0495464
0.565306,-0.190864
0.565533,-0.328314
0.56576,-0.459111
0.565986,-0.580603
0.566213,-0.69033
0.56644,-0.786067
0.566667,-0.865875
0.566893,-0.928136
0.56712,-0.971587
0.567347,-0.99535
0.567574,-0.998942
0.5678,-0.98229
0.568027,-0.945732
0.568254,-0.890009
0.568481,-0.81625
0.568707,-0.72595
0.568934,-0.620938
0.569161,-0.503343
0.569388,-0.375547
0.569615,-0.240141
0.569841,-0.0998688
0.570068,0.0424275
0.570295,0.183864
0.570522,0.321574
0.570748,0.452768
0.570975,0.574786
0.571202,0.685157
0.571429,0.781642
0.571655,0.862288
0.571882,0.925459
0.572109,0.969876
0.572336,0.994638
0.572562,0.999244
0.572789,0.983601
0.573016,0.948024
0.573243,0.893236
0.573469,0.820346
0.573696,0.730832
0.573923,0.626508
0.57415,0.509488
0.574376,0.382142
0.574603,0.247053
0.57483,0.106957
0.575057,-0.0353064
0.575283,-0.176854
0.57551,-0.314818
0.575737,-0.446403
0.575964,-0.56894
0.57619,-0.679949
0.576417,-0.777178
0.576644,-0.858657
0.576871,-0.922736
0.577098,-0.968116
0.577324,-0.993876
0.577551,-0.999496
0.577778,-0.984861
0.578005,-0.950268
0.578231,-0.896417
0.578458,-0.824401
0.578685,-0.735678
0.578912,-0.632047
0.579138,-0.515607
0.579365,-0.388718
0.579592,-0.253952
0.579819,-0.11404
0.580045,0.0281836
0.580272,0.169836
0.580499,0.308046
0.580726,0.440014
0.580952,0.563065
0.581179,0.674706
0.581406,0.772673
0.581633,0.854983
0.581859,0.919966
0.582086,0.966306
0.582313,0.993064
0.58254,0.999697
0.582766,0.986071
0.582993,0.952463
0.58322,0.899553
0.583447,0.828413
0.583673,0.740486
0.5839,0.637553
0.584127,0.5217
0.584354,0.395274
0.58458,0.260838
0.584807,0.121117
0.585034,-0.0210593
0.585261,-0.162809
0.585488,-0.301259
0.585714,-0.433604
0.585941,-0.557162
0.586168,-0.669429
0.586395,-0.76813
0.586621,-0.851265
0.586848,-0.917149
0.587075,-0.964447
0.587302,-0.9922
0.587528,-0.999847
0.587755,-0.987232
0.587982,-0.95461
0.588209,-0.902643
0.588435,-0.832384
0.588662,-0.745257
0.588889,-0.643027
0.589116,-0.527766
0.589342,-0.40181
0.589569,-0.267711
0.589796,-0.128188
0.590023,0.013934
0.590249,0.155773
0.590476,0.294456
0.590703,0.427171
0.59093,0.55123
0.591156,0.664118
0.591383,0.763547
0.59161,0.847504
0.591837,0.914285
0.592063,0.962539
0.59229,0.991287
0.592517,0.999946
0.592744,0.988342
0.592971,0.956708
0.593197,0.905687
0.593424,0.836312
0.593651,0.74999
0.593878,0.648468
0.594104,0.533806
0.594331,0.408326
0.594558,0.274571
0.594785,0.135252
0.595011,-0.00680796
0.595238,-0.14873
0.595465,-0.287638
0.595692,-0.420717
0.595918,-0.54527
0.596145,-0.658773
0.596372,-0.758926
0.596599,-0.8437
0.596825,-0.911376
0.597052,-0.960582
0.597279,-0.990323
0.597506,-0.999995
0.597732,-0.989402
0.597959,-0.958758
0.598186,-0.908685
0.598413,-0.840198
0.598639,-0.754684
0.598866,-0.653877
0.599093,-0.539818
0.59932,-0.414821
0.599546,-0.281416
0.599773,-0.142309
0.6,-0.000318431
0.600227,0.141679
0.600454,0.280805
0.60068,0.414241
0.600907,0.539282
0.601134,0.653395
0.601361,0.754266
0.601587,0.839853
0.601814,0.908419
0.602041,0.958577
0.602268,0.989309
0.602494,0.999992
0.602721,0.990411
0.602948,0.960759
0.603175,0.911637
0.603401,0.844041
0.603628,0.759341
0.603855,0.659252
0.604082,0.545804
0.604308,0.421294
0.604535,0.288248
0.604762,0.14936
0.604989,0.0074448
0.605215,-0.134621
0.605442,-0.273958
0.605669,-0.407744
0.605896,-0.533267
0.606122,-0.647983
0.606349,-0.749568
0.606576,-0.835963
0.606803,-0.905417
0.607029,-0.956523
0.607256,-0.988244
0.607483,-0.999939
0.60771,-0.991371
0.607937,-0.962712
0.608163,-0.914543
0.60839,-0.847842
0.608617,-0.763959
0.608844,-0.664594
0.60907,-0.551761
0.609297,-0.427747
0.609524,-0.295064
0.609751,-0.156402
0.609977,-0.0145708
0.610204,0.127556
0.610431,0.267098
0.610658,0.401227
0.610884,0.527225
0.611111,0.642539
0.611338,0.744832
0.611565,0.832031
0.611791,0.902369
0.612018,0.95442
0.612245,0.98713
0.612472,0.999836
0.612698,0.99228
0.612925,0.964615
0.613152,0.917403
0.613379,0.851599
0.613605,0.768538
0.613832,0.669902
0.614059,0.55769
0.614286,0.434177
0.614512,0.301866
0.614739,0.163437
0.614966,0.021696
0.615193,-0.120485
0.61542,-0.260224
0.615646,-0.394689
0.615873,-0.521156
0.6161,-0.637062
0.616327,-0.740058
0.616553,-0.828057
0.61678,-0.899275
0.617007,-0.952269
0.617234,-0.985965
0.61746,-0.999681
0.617687,-0.993138
0.617914,-0.966469
0.618141,-0.920215
0.618367,-0.855313
0.618594,-0.773077
0.618821,-0.675176
0.619048,-0.563591
0.619274,-0.440586
0.619501,-0.308652
0.619728,-0.170463
0.619955,-0.0288202
0.620181,0.113407
0.620408,0.253336
0.620635,0.388131
0.620862,0.515061
0.621088,0.631553
0.621315,0.735246
0.621542,0.82404
0.621769,0.896135
0.621995,0.950069
0.622222,0.98475
0.622449,0.999476
0.622676,0.993946
0.622902,0.968275
0.623129,0.922981
0.623356,0.858983
0.623583,0.777578
0.62381,0.680415
0.624036,0.569464
0.624263,0.446972
0.62449,0.315423
0.624717,0.177481
0.624943,0.0359429
0.62517,-0.106324
0.625397,-0.246436
0.625624,-0.381554
0.62585,-0.508939
0.626077,-0.626012
0.626304,-0.730398
0.626531,-0.819982
0.626757,-0.892949
0.626984,-0.947821
0.627211,-0.983486
0.627438,-0.999219
0.627664,-0.994704
0.627891,-0.970031
0.628118,-0.9257
0.628345,-0.86261
0.628571,-0.782039
0.628798,-0.685621
0.629025,-0.575307
0.629252,-0.453336
0.629478,-0.322177
0.629705,-0.18449
0.629932,-0.0430638
0.630159,0.0992351
0.630385,0.239523
0.630612,0.374957
0.630839,0.502792
0.631066,0.620438
0.631293,0.725512
0.631519,0.815882
0.631746,0.889719
0.631973,0.945525
0.6322,0.982171
0.632426,0.998913
0.632653,0.995411
0.63288,0.971738
0.633107,0.928372
0.633333,0.866193
0.63356,0.786461
0.633787,0.690791
0.634014,0.581122
0.63424,0.459676
0.634467,0.328916
0.634694,0.191489
0.634921,0.0501824
0.635147,-0.0921413
0.635374,-0.232598
0.635601,-0.368341
0.635828,-0.496619
0.636054,-0.614834
0.636281,-0.720589
0.636508,-0.811741
0.636735,-0.886443
0.636961,-0.943181
0.637188,-0.980806
0.637415,-0.998555
0.637642,-0.996068
0.637868,-0.973396
0.638095,-0.930997
0.638322,-0.869733
0.638549,-0.790843
0.638776,-0.695926
0.639002,-0.586907
0.639229,-0.465994
0.639456,-0.335637
0.639683,-0.198479
0.639909,-0.0572986
0.640136,0.0850429
0.640363,0.225661
0.64059,0.361706
0.640816,0.490421
0.641043,0.609198
0.64127,0.715629
0.641497,0.807558
0.641723,0.883122
0.64195,0.940789
0.642177,0.979392
0.642404,0.998147
0.64263,0.996674
0.642857,0.975004
0.643084,0.933575
0.643311,0.873227
0.643537,0.795184
0.643764,0.701026
0.643991,0.592662
0.644218,0.472287
0.644444,0.342342
0.644671,0.205458
0.644898,0.0644118
0.645125,-0.0779402
0.645351,-0.218713
0.645578,-0.355053
0.645805,-0.484198
0.646032,-0.603531
0.646259,-0.710633
0.646485,-0.803335
0.646712,-0.879756
0.646939,-0.93835
0.647166,-0.977928
0.647392,-0.997688
0.647619,-0.997229
0.647846,-0.976562
0.648073,-0.936105
0.648299,-0.876678
0.648526,-0.799485
0.648753,-0.70609
0.64898,-0.598387
0.649206,-0.478557
0.649433,-0.349029
0.64966,-0.212428
0.649887,-0.0715217
0.650113,0.0708335
0.65034,0.211753
0.650567,0.348382
0.650794,0.477951
0.65102,0.597834
0.651247,0.705601
0.651474,0.79907
0.651701,0.876346
0.651927,0.935862
0.652154,0.976414
0.652381,0.997178
0.652608,0.997734
0.652834,0.978071
0.653061,0.938588
0.653288,0.880084
0.653515,0.803745
0.653741,0.711119
0.653968,0.604081
0.654195,0.484802
0.654422,0.355698
0.654649,0.219386
0.654875,0.078628
0.655102,-0.0637233
0.655329,-0.204783
0.655556,-0.341693
0.655782,-0.471679
0.656009,-0.592106
0.656236,-0.700534
0.656463,-0.794765
0.656689,-0.872891
0.656916,-0.933328
0.657143,-0.97485
0.65737,-0.996618
0.657596,-0.998188
0.657823,-0.979531
0.65805,-0.941023
0.658277,-0.883446
0.658503,-0.807965
0.65873,-0.716111
0.658957,-0.609745
0.659184,-0.491022
0.65941,-0.362349
0.659637,-0.226333
0.659864,-0.0857304
0.660091,0.0566097
0.660317,0.197803
0.660544,0.334987
0.660771,0.465383
0.660998,0.586348
0.661224,0.69543
0.661451,0.79042
0.661678,0.869392
0.661905,0.930745
0.662132,0.973237
0.662358,0.996007
0.662585,0.998592
0.662812,0.98094
0.663039,0.94341
0.663265,0.886762
0.663492,0.812144
0.663719,0.721067
0.663946,0.615378
0.664172,0.497218
0.664399,0.368982
0.664626,0.233269
0.664853,0.0928283
0.665079,-0.0494934
0.665306,-0.190812
0.665533,-0.328264
0.66576,-0.459064
0.665986,-0.58056
0.666213,-0.690292
0.66644,-0.786035
0.666667,-0.865848
0.666893,-0.928116
0.66712,-0.971575
0.667347,-0.995345
0.667574,-0.998944
0.6678,-0.9823
0.668027,-0.94575
0.668254,-0.890034
0.668481,-0.816281
0.668707,-0.725986
0.668934,-0.620979
0.669161,-0.503388
0.669388,-0.375596
0.669615,-0.240193
0.669841,-0.0999216
0.670068,0.0423744
0.670295,0.183812
0.670522,0.321524
0.670748,0.452721
0.670975,0.574743
0.671202,0.685118
0.671429,0.781609
0.671655,0.862261
0.671882,0.925439
0.672109,0.969863
0.672336,0.994633
0.672562,0.999246
0.672789,0.98361
0.673016,0.948041
0.673243,0.89326
0.673469,0.820377
0.673696,0.730869
0.673923,0.626549
0.67415,0.509533
0.674376,0.382191
0.674603,0.247104
0.67483,0.10701
0.675057,-0.0352534
0.675283,-0.176802
0.67551,-0.314768
0.675737,-0.446355
0.675964,-0.568897
0.67619,-0.67991
0.676417,-0.777144
0.676644,-0.85863
0.676871,-0.922716
0.677098,-0.968102
0.677324,-0.99387
0.677551,-0.999498
0.677778,-0.98487
0.678005,-0.950284
0.678231,-0.896441
0.678458,-0.824431
0.678685,-0.735714
0.678912,-0.632088
0.679138,-0.515652
0.679365,-0.388767
0.679592,-0.254003
0.679819,-0.114092
0.680045,0.0281305
0.680272,0.169784
0.680499,0.307996
0.680726,0.439967
0.680952,0.563021
0.681179,0.674667
0.681406,0.77264
0.681633,0.854955
0.681859,0.919945
0.682086,0.966292
0.682313,0.993057
0.68254,0.999698
0.682766,0.98608
0.682993,0.952479
0.68322,0.899576
0.683447,0.828443
0.683673,0.740522
0.6839,0.637594
0.684127,0.521745
0.684354,0.395323
0.68458,0.26089
0.684807,0.121169
0.685034,-0.0210063
0.685261,-0.162756
0.685488,-0.301208
0.685714,-0.433556
0.685941,-0.557118
0.686168,-0.669389
0.686395,-0.768096
0.686621,-0.851237
0.686848,-0.917128
0.687075,-0.964433
0.687302,-0.992194
0.687528,-0.999848
0.687755,-0.98724
0.687982,-0.954626
0.688209,-0.902666
0.688435,-0.832413
0.688662,-0.745292
0.688889,-0.643068
0.689116,-0.527811
0.689342,-0.401859
0.689569,-0.267763
0.689796,-0.12824
0.690023,0.0138809
0.690249,0.155721
0.690476,0.294405
0.690703,0.427123
0.69093,0.551185
0.691156,0.664078
0.691383,0.763513
0.69161,0.847476
0.691837,0.914264
0.692063,0.962525
0.69229,0.99128
0.692517,0.999947
0.692744,0.98835
0.692971,0.956724
0.693197,0.90571
0.693424,0.836341
0.693651,0.750025
0.693878,0.648509
0.694104,0.533851
0.694331,0.408374
0.694558,0.274622
0.694785,0.135305
0.695011,-0.00675489
0.695238,-0.148677
0.695465,-0.287587
0.695692,-0.420669
0.695918,-0.545225
0.696145,-0.658733
0.696372,-0.758892
0.696599,-0.843671
0.696825,-0.911354
0.697052,-0.960568
0.697279,-0.990316
0.697506,-0.999995
0.697732,-0.989409
0.697959,-0.958773
0.698186,-0.908708
0.698413,-0.840227
0.698639,-0.754719
0.698866,-0.653917
0.699093,-0.539863
0.69932,-0.414869
0.699546,-0.281467
0.699773,-0.142362
0.7,-0.000371503
0.700227,0.141626
0.700454,0.280754
0.70068,0.414193
0.700907,0.539238
0.701134,0.653355
0.701361,0.754231
0.701587,0.839824
0.701814,0.908397
0.702041,0.958562
0.702268,0.989301
0.702494,0.999992
0.702721,0.990419
0.702948,0.960774
0.703175,0.911659
0.703401,0.84407
0.703628,0.759375
0.703855,0.659292
0.704082,0.545848
0.704308,0.421343
0.704535,0.288299
0.704762,0.149412
0.704989,0.00749787
0.705215,-0.134568
0.705442,-0.273907
0.705669,-0.407696
0.705896,-0.533222
0.706122,-0.647943
0.706349,-0.749533
0.706576,-0.835934
0.706803,-0.905394
0.707029,-0.956507
0.707256,-0.988236
0.707483,-0.999939
0.70771,-0.991378
0.707937,-0.962726
0.708163,-0.914565
0.70839,-0.84787
0.708617,-0.763993
0.708844,-0.664633
0.70907,-0.551805
0.709297,-0.427795
0.709524,-0.295115
0.709751,-0.156455
0.709977,-0.0146239
0.710204,0.127503
0.710431,0.267047
0.710658,0.401178
0.710884,0.52718
0.711111,0.642498
0.711338,0.744797
0.711565,0.832002
0.711791,0.902346
0.712018,0.954404
0.712245,0.987121
0.712472,0.999835
0.712698,0.992286
0.712925,0.964629
0.713152,0.917424
0.713379,0.851627
0.713605,0.768571
0.713832,0.669941
0.714059,0.557734
0.714286,0.434225
0.714512,0.301916
0.714739,0.163489
0.714966,0.0217491
0.715193,-0.120432
0.71542,-0.260172
0.715646,-0.39464
0.715873,-0.521111
0.7161,-0.637021
0.716327,-0.740022
0.716553,-0.828027
0.71678,-0.899251
0.717007,-0.952253
0.717234,-0.985956
0.71746,-0.99968
0.717687,-0.993144
0.717914,-0.966483
0.718141,-0.920236
0.718367,-0.85534
0.718594,-0.773111
0.718821,-0.675215
0.719048,-0.563635
0.719274,-0.440634
0.719501,-0.308703
0.719728,-0.170516
0.719955,-0.0288733
0.720181,0.113354
0.720408,0.253285
0.720635,0.388082
0.720862,0.515015
0.721088,0.631512
0.721315,0.73521
0.721542,0.82401
0.721769,0.896111
0.721995,0.950053
0.722222,0.984741
0.722449,0.999474
0.722676,0.993952
0.722902,0.968288
0.723129,0.923002
0.723356,0.859011
0.723583,0.777612
0.72381,0.680454
0.724036,0.569508
0.724263,0.44702
0.72449,0.315473
0.724717,0.177533
0.724943,0.0359959
0.72517,-0.106271
0.725397,-0.246384
0.725624,-0.381505
0.72585,-0.508894
0.726077,-0.62597
0.726304,-0.730361
0.726531,-0.819952
0.726757,-0.892926
0.726984,-0.947804
0.727211,-0.983476
0.727438,-0.999217
0.727664,-0.99471
0.727891,-0.970044
0.728118,-0.92572
0.728345,-0.862637
0.728571,-0.782073
0.728798,-0.685659
0.729025,-0.575351
0.729252,-0.453383
0.729478,-0.322228
0.729705,-0.184542
0.729932,-0.0431168
0.730159,0.0991823
0.730385,0.239471
0.730612,0.374908
0.730839,0.502746
0.731066,0.620397
0.731293,0.725475
0.731519,0.815851
0.731746,0.889695
0.731973,0.945508
0.7322,0.982161
0.732426,0.99891
0.732653,0.995416
0.73288,0.971751
0.733107,0.928392
0.733333,0.86622
0.73356,0.786494
0.733787,0.690829
0.734014,0.581165
0.73424,0.459723
0.734467,0.328966
0.734694,0.191541
0.734921,0.0502354
0.735147,-0.0920885
0.735374,-0.232546
0.735601,-0.368291
0.735828,-0.496573
0.736054,-0.614792
0.736281,-0.720552
0.736508,-0.81171
0.736735,-0.886418
0.736961,-0.943164
0.737188,-0.980796
0.737415,-0.998552
0.737642,-0.996073
0.737868,-0.973408
0.738095,-0.931017
0.738322,-0.869759
0.738549,-0.790875
0.738776,-0.695964
0.739002,-0.58695
0.739229,-0.46604
0.739456,-0.335687
0.739683,-0.198531
0.739909,-0.0573515
0.740136,0.0849901
0.740363,0.225609
0.74059,0.361657
0.740816,0.490375
0.741043,0.609156
0.74127,0.715592
0.741497,0.807527
0.741723,0.883097
0.74195,0.940771
0.742177,0.979381
0.742404,0.998143
0.74263,0.996678
0.742857,0.975016
0.743084,0.933594
0.743311,0.873253
0.743537,0.795216
0.743764,0.701064
0.743991,0.592704
0.744218,0.472334
0.744444,0.342391
0.744671,0.20551
0.744898,0.0644647
0.745125,-0.0778873
0.745351,-0.218661
0.745578,-0.355003
0.745805,-0.484152
0.746032,-0.603489
0.746259,-0.710596
0.746485,-0.803303
0.746712,-0.879731
0.746939,-0.938331
0.747166,-0.977916
0.747392,-0.997684
0.747619,-0.997233
0.747846,-0.976574
0.748073,-0.936124
0.748299,-0.876704
0.748526,-0.799517
0.748753,-0.706128
0.74898,-0.598429
0.749206,-0.478603
0.749433,-0.349078
0.74966,-0.212479
0.749887,-0.0715747
0.750113,0.0707806
0.75034,0.211701
0.750567,0.348332
0.750794,0.477904
0.75102,0.597791
0.751247,0.705564
0.751474,0.799038
0.751701,0.87632
0.751927,0.935844
0.752154,0.976402
0.752381,0.997174
0.752608,0.997738
0.752834,0.978083
0.753061,0.938606
0.753288,0.880109
0.753515,0.803777
0.753741,0.711156
0.753968,0.604123
0.754195,0.484848
0.754422,0.355748
0.754649,0.219438
0.754875,0.0786809
0.755102,-0.0636703
0.755329,-0.204731
0.755556,-0.341643
0.755782,-0.471632
0.756009,-0.592063
0.756236,-0.700496
0.756463,-0.794733
0.756689,-0.872865
0.756916,-0.933309
0.757143,-0.974838
0.75737,-0.996613
0.757596,-0.998192
0.757823,-0.979542
0.75805,-0.941041
0.758277,-0.88347
0.758503,-0.807996
0.75873,-0.716148
0.758957,-0.609787
0.759184,-0.491069
0.75941,-0.362399
0.759637,-0.226385
0.759864,-0.0857832
0.760091,0.0565568
0.760317,0.197751
0.760544,0.334937
0.760771,0.465336
0.760998,0.586305
0.761224,0.695392
0.761451,0.790388
0.761678,0.869366
0.761905,0.930726
0.762132,0.973225
0.762358,0.996002
0.762585,0.998595
0.762812,0.980951
0.763039,0.943428
0.763265,0.886787
0.763492,0.812174
0.763719,0.721104
0.763946,0.61542
0.764172,0.497264
0.764399,0.369031
0.764626,0.23332
0.764853,0.0928812
0.765079,-0.0494403
0.765306,-0.19076
0.765533,-0.328214
0.76576,-0.459016
0.765986,-0.580517
0.766213,-0.690253
0.76644,-0.786002
0.766667,-0.865822
0.766893,-0.928096
0.76712,-0.971562
0.767347,-0.99534
0.767574,-0.998947
0.7678,-0.98231
0.768027,-0.945767
0.768254,-0.890058
0.768481,-0.816311
0.768707,-0.726023
0.768934,-0.621021
0.769161,-0.503434
0.769388,-0.375645
0.769615,-0.240244
0.769841,-0.0999744
0.770068,0.0423214
0.770295,0.18376
0.770522,0.321474
0.770748,0.452673
0.770975,0.5747
0.771202,0.685079
0.771429,0.781576
0.771655,0.862234
0.771882,0.925419
0.772109,0.96985
0.772336,0.994627
0.772562,0.999249
0.772789,0.98362
0.773016,0.948058
0.773243,0.893284
0.773469,0.820407
0.773696,0.730905
0.773923,0.626591
0.77415,0.509579
0.774376,0.38224
0.774603,0.247156
0.77483,0.107063
0.775057,-0.0352004
0.775283,-0.17675
0.77551,-0.314718
0.775737,-0.446308
0.775964,-0.568853
0.77619,-0.679871
0.776417,-0.777111
0.776644,-0.858603
0.776871,-0.922695
0.777098,-0.968089
0.777324,-0.993864
0.777551,-0.999499
0.777778,-0.984879
0.778005,-0.950301
0.778231,-0.896464
0.778458,-0.824461
0.778685,-0.73575
0.778912,-0.632129
0.779138,-0.515698
0.779365,-0.388816
0.779592,-0.254055
0.779819,-0.114145
0.780045,0.0280775
0.780272,0.169731
0.780499,0.307945
0.780726,0.439919
0.780952,0.562978
0.781179,0.674627
0.781406,0.772606
0.781633,0.854928
0.781859,0.919924
0.782086,0.966278
0.782313,0.993051
0.78254,0.999699
0.782766,0.986089
0.782993,0.952495
0.78322,0.899599
0.783447,0.828473
0.783673,0.740558
0.7839,0.637635
0.784127,0.52179
0.784354,0.395372
0.78458,0.260941
0.784807,0.121222
0.785034,-0.0209532
0.785261,-0.162704
0.785488,-0.301157
0.785714,-0.433508
0.785941,-0.557074
0.786168,-0.66935
0.786395,-0.768062
0.786621,-0.851209
0.786848,-0.917107
0.787075,-0.964419
0.787302,-0.992187
0.787528,-0.999849
0.787755,-0.987248
0.787982,-0.954641
0.788209,-0.902689
0.788435,-0.832443
0.788662,-0.745328
0.788889,-0.643108
0.789116,-0.527856
0.789342,-0.401907
0.789569,-0.267814
0.789796,-0.128293
0.790023,0.0138279
0.790249,0.155668
0.790476,0.294354
0.790703,0.427075
0.79093,0.551141
0.791156,0.664038
0.791383,0.763479
0.79161,0.847447
0.791837,0.914242
0.792063,0.96251
0.79229,0.991273
0.792517,0.999947
0.792744,0.988358
0.792971,0.956739
0.793197,0.905732
0.793424,0.836371
0.793651,0.75006
0.793878,0.648549
0.794104,0.533896
0.794331,0.408423
0.794558,0.274673
0.794785,0.135357
0.795011,-0.00670182
0.795238,-0.148625
0.795465,-0.287536
0.795692,-0.42062
0.795918,-0.545181
0.796145,-0.658693
0.796372,-0.758857
0.796599,-0.843643
0.796825,-0.911332
0.797052,-0.960553
0.797279,-0.990308
0.797506,-0.999995
0.797732,-0.989417
0.797959,-0.958788
0.798186,-0.90873
0.798413,-0.840256
0.798639,-0.754754
0.798866,-0.653957
0.799093,-0.539908
0.79932,-0.414917
0.799546,-0.281518
0.799773,-0.142414
0.8,-0.000424574
0.800227,0.141574
0.800454,0.280703
0.80068,0.414144
0.800907,0.539193
0.801134,0.653314
0.801361,0.754197
0.801587,0.839795
0.801814,0.908375
0.802041,0.958547
0.802268,0.989293
0.802494,0.999992
0.802721,0.990426
0.802948,0.960789
0.803175,0.911681
0.803401,0.844098
0.803628,0.75941
0.803855,0.659332
0.804082,0.545892
0.804308,0.421391
0.804535,0.288349
0.804762,0.149465
0.804989,0.00755094
0.805215,-0.134516
0.805442,-0.273856
0.805669,-0.407647
0.805896,-0.533177
0.806122,-0.647903
0.806349,-0.749498
0.806576,-0.835905
0.806803,-0.905372
0.807029,-0.956492
0.807256,-0.988228
0.807483,-0.999938
0.80771,-0.991384
0.807937,-0.96274
0.808163,-0.914586
0.80839,-0.847898
0.808617,-0.764027
0.808844,-0.664673
0.80907,-0.55185
0.809297,-0.427843
0.809524,-0.295166
0.809751,-0.156507
0.809977,-0.0146769
0.810204,0.127451
0.810431,0.266996
0.810658,0.40113
0.810884,0.527135
0.811111,0.642458
0.811338,0.744761
0.811565,0.831972
0.811791,0.902323
0.812018,0.954388
0.812245,0.987113
0.812472,0.999834
0.812698,0.992293
0.812925,0.964643
0.813152,0.917445
0.813379,0.851654
0.813605,0.768605
0.813832,0.669981
0.814059,0.557778
0.814286,0.434273
0.814512,0.301967
0.814739,0.163542
0.814966,0.0218022
0.815193,-0.120379
0.81542,-0.260121
0.815646,-0.394592
0.815873,-0.521066
0.8161,-0.63698
0.816327,-0.739987
0.816553,-0.827997
0.81678,-0.899228
0.817007,-0.952236
0.817234,-0.985947
0.81746,-0.999678
0.817687,-0.993151
0.817914,-0.966497
0.818141,-0.920257
0.818367,-0.855368
0.818594,-0.773145
0.818821,-0.675254
0.819048,-0.563679
0.819274,-0.440681
0.819501,-0.308753
0.819728,-0.170568
0.819955,-0.0289263
0.820181,0.113302
0.820408,0.253233
0.820635,0.388033
0.820862,0.51497
0.821088,0.631471
0.821315,0.735175
0.821542,0.82398
0.821769,0.896088
0.821995,0.950036
0.822222,0.984732
0.822449,0.999472
0.822676,0.993958
0.822902,0.968301
0.823129,0.923022
0.823356,0.859038
0.823583,0.777645
0.82381,0.680493
0.824036,0.569551
0.824263,0.447067
0.82449,0.315523
0.824717,0.177586
0.824943,0.036049
0.82517,-0.106218
0.825397,-0.246333
0.825624,-0.381456
0.82585,-0.508848
0.826077,-0.625929
0.826304,-0.730325
0.826531,-0.819921
0.826757,-0.892902
0.826984,-0.947787
0.827211,-0.983466
0.827438,-0.999215
0.827664,-0.994715
0.827891,-0.970057
0.828118,-0.925741
0.828345,-0.862664
0.828571,-0.782106
0.828798,-0.685698
0.829025,-0.575394
0.829252,-0.45343
0.829478,-0.322278
0.829705,-0.184594
0.829932,-0.0431698
0.830159,0.0991294
0.830385,0.23942
0.830612,0.374858
0.830839,0.5027
0.831066,0.620355
0.831293,0.725438
0.831519,0.815821
0.831746,0.88967
0.831973,0.945491
0.8322,0.982151
0.832426,0.998908
0.832653,0.995421
0.83288,0.971763
0.833107,0.928412
0.833333,0.866246
0.83356,0.786526
0.833787,0.690868
0.834014,0.581208
0.83424,0.459771
0.834467,0.329016
0.834694,0.191593
0.834921,0.0502884
0.835147,-0.0920356
0.835374,-0.232495
0.835601,-0.368242
0.835828,-0.496527
0.836054,-0.61475
0.836281,-0.720515
0.836508,-0.811679
0.836735,-0.886394
0.836961,-0.943146
0.837188,-0.980785
0.837415,-0.998549
0.837642,-0.996077
0.837868,-0.97342
0.838095,-0.931036
0.838322,-0.869785
0.838549,-0.790907
0.838776,-0.696002
0.839002,-0.586993
0.839229,-0.466087
0.839456,-0.335737
0.839683,-0.198583
0.839909,-0.0574045
0.840136,0.0849372
0.840363,0.225558
0.84059,0.361607
0.840816,0.490329
0.841043,0.609114
0.84127,0.715555
0.841497,0.807496
0.841723,0.883072
0.84195,0.940753
0.842177,0.97937
0.842404,0.99814
0.84263,0.996683
0.842857,0.975027
0.843084,0.933613
0.843311,0.873279
0.843537,0.795248
0.843764,0.701102
0.843991,0.592747
0.844218,0.472381
0.844444,0.342441
0.844671,0.205562
0.844898,0.0645177
0.845125,-0.0778344
0.845351,-0.218609
0.845578,-0.354954
0.845805,-0.484105
0.846032,-0.603446
0.846259,-0.710559
0.846485,-0.803271
0.846712,-0.879706
0.846939,-0.938313
0.847166,-0.977905
0.847392,-0.99768
0.847619,-0.997237
0.847846,-0.976585
0.848073,-0.936143
0.848299,-0.876729
0.848526,-0.799549
0.848753,-0.706165
0.84898,-0.598472
0.849206,-0.47865
0.849433,-0.349128
0.84966,-0.212531
0.849887,-0.0716276
0.850113,0.0707277
0.85034,0.21165
0.850567,0.348282
0.850794,0.477857
0.85102,0.597749
0.851247,0.705526
0.851474,0.799006
0.851701,0.876295
0.851927,0.935825
0.852154,0.976391
0.852381,0.99717
0.852608,0.997741
0.852834,0.978094
0.853061,0.938625
0.853288,0.880135
0.853515,0.803808
0.853741,0.711193
0.853968,0.604166
0.854195,0.484895
0.854422,0.355797
0.854649,0.219489
0.854875,0.0787338
0.855102,-0.0636173
0.855329,-0.204679
0.855556,-0.341593
0.855782,-0.471585
0.856009,-0.59202
0.856236,-0.700458
0.856463,-0.794701
0.856689,-0.872839
0.856916,-0.933289
0.857143,-0.974827
0.85737,-0.996609
0.857596,-0.998195
0.857823,-0.979552
0.85805,-0.941059
0.858277,-0.883495
0.858503,-0.808027
0.85873,-0.716185
0.858957,-0.609829
0.859184,-0.491115
0.85941,-0.362448
0.859637,-0.226437
0.859864,-0.0858361
0.860091,0.0565038
0.860317,0.197699
0.860544,0.334887
0.860771,0.465289
0.860998,0.586262
0.861224,0.695354
0.861451,0.790355
0.861678,0.869339
0.861905,0.930707
0.862132,0.973213
0.862358,0.995997
0.862585,0.998597
0.862812,0.980961
0.863039,0.943446
0.863265,0.886811
0.863492,0.812205
0.863719,0.72114
0.863946,0.615461
0.864172,0.49731
0.864399,0.369081
0.864626,0.233372
0.864853,0.092934
0.865079,-0.0493873
0.865306,-0.190708
0.865533,-0.328164
0.86576,-0.458969
0.865986,-0.580474
0.866213,-0.690215
0.86644,-0.785969
0.866667,-0.865795
0.866893,-0.928076
0.86712,-0.97155
0.867347,-0.995335
0.867574,-0.998949
0.8678,-0.98232
0.868027,-0.945784
0.868254,-0.890082
0.868481,-0.816342
0.868707,-0.726059
0.868934,-0.621063
0.869161,-0.50348
0.869388,-0.375695
0.869615,-0.240296
0.869841,-0.100027
0.870068,0.0422684
0.870295,0.183707
0.870522,0.321424
0.870748,0.452626
0.870975,0.574656
0.871202,0.685041
0.871429,0.781543
0.871655,0.862207
0.871882,0.925399
0.872109,0.969837
0.872336,0.994622
0.872562,0.999251
0.872789,0.983629
0.873016,0.948075
0.873243,0.893308
0.873469,0.820437
0.873696,0.730941
0.873923,0.626632
0.87415,0.509625
0.874376,0.382289
0.874603,0.247207
0.87483,0.107115
0.875057,-0.0351473
0.875283,-0.176698
0.87551,-0.314667
0.875737,-0.44626
0.875964,-0.568809
0.87619,-0.679832
0.876417,-0.777077
0.876644,-0.858576
0.876871,-0.922675
0.877098,-0.968076
0.877324,-0.993859
0.877551,-0.999501
0.877778,-0.984889
0.878005,-0.950317
0.878231,-0.896488
0.878458,-0.824491
0.878685,-0.735786
0.878912,-0.63217
0.879138,-0.515743
0.879365,-0.388865
0.879592,-0.254106
0.879819,-0.114198
0.880045,0.0280244
0.880272,0.169679
0.880499,0.307895
0.880726,0.439871
0.880952,0.562934
0.881179,0.674588
0.881406,0.772572
0.881633,0.8549
0.881859,0.919903
0.882086,0.966265
0.882313,0.993045
0.88254,0.999701
0.882766,0.986098
0.882993,0.952511
0.88322,0.899622
0.883447,0.828503
0.883673,0.740593
0.8839,0.637676
0.884127,0.521836
0.884354,0.39542
0.88458,0.260992
0.884807,0.121275
0.885034,-0.0209002
0.885261,-0.162652
0.885488,-0.301107
0.885714,-0.43346
0.885941,-0.557029
0.886168,-0.66931
0.886395,-0.768028
0.886621,-0.851181
0.886848,-0.917085
0.887075,-0.964405
0.887302,-0.992181
0.887528,-0.99985
0.887755,-0.987257
0.887982,-0.954657
0.888209,-0.902712
0.888435,-0.832472
0.888662,-0.745363
0.888889,-0.643149
0.889116,-0.527901
0.889342,-0.401956
0.889569,-0.267865
0.889796,-0.128346
0.890023,0.0137748
0.890249,0.155616
0.890476,0.294304
0.890703,0.427027
0.89093,0.551097
0.891156,0.663999
0.891383,0.763445
0.89161,0.847419
0.891837,0.914221
0.892063,0.962496
0.89229,0.991266
0.892517,0.999948
0.892744,0.988366
0.892971,0.956755
0.893197,0.905755
0.893424,0.8364
0.893651,0.750095
0.893878,0.64859
0.894104,0.53394
0.894331,0.408471
0.894558,0.274724
0.894785,0.13541
0.895011,-0.00664875
0.895238,-0.148572
0.895465,-0.287485
0.895692,-0.420572
0.895918,-0.545136
0.896145,-0.658653
0.896372,-0.758822
0.896599,-0.843614
0.896825,-0.91131
0.897052,-0.960538
0.897279,-0.990301
0.897506,-0.999995
0.897732,-0.989425
0.897959,-0.958803
0.898186,-0.908752
0.898413,-0.840285
0.898639,-0.754789
0.898866,-0.653997
0.899093,-0.539952
0.89932,-0.414965
0.899546,-0.281569
0.899773,-0.142467
0.9,-0.000477646
0.900227,0.141521
0.900454,0.280652
0.90068,0.414096
0.900907,0.539148
0.901134,0.653274
0.901361,0.754162
0.901587,0.839766
0.901814,0.908353
0.902041,0.958532
0.902268,0.989286
0.902494,0.999992
0.902721,0.990433
0.902948,0.960803
0.903175,0.911703
0.903401,0.844127
0.903628,0.759444
0.903855,0.659372
0.904082,0.545937
0.904308,0.421439
0.904535,0.2884
0.904762,0.149517
0.904989,0.00760401
0.905215,-0.134463
0.905442,-0.273805
0.905669,-0.407599
0.905896,-0.533133
0.906122,-0.647862
0.906349,-0.749463
0.906576,-0.835876
0.906803,-0.905349
0.907029,-0.956476
0.907256,-0.98822
0.907483,-0.999938
0.90771,-0.991391
0.907937,-0.962755
0.908163,-0.914608
0.90839,-0.847926
0.908617,-0.764061
0.908844,-0.664713
0.90907,-0.551894
0.909297,-0.427891
0.909524,-0.295216
0.909751,-0.15656
0.909977,-0.01473
0.910204,0.127398
0.910431,0.266944
0.910658,0.401081
0.910884,0.52709
0.911111,0.642417
0.911338,0.744726
0.911565,0.831943
0.911791,0.9023
0.912018,0.954372
0.912245,0.987104
0.912472,0.999833
0.912698,0.992299
0.912925,0.964657
0.913152,0.917466
0.913379,0.851682
0.913605,0.768639
0.913832,0.67002
0.914059,0.557823
0.914286,0.434321
0.914512,0.302018
0.914739,0.163594
0.914966,0.0218552
0.915193,-0.120327
0.91542,-0.26007
0.915646,-0.394543
0.915873,-0.52102
0.9161,-0.636939
0.916327,-0.739951
0.916553,-0.827967
0.91678,-0.899205
0.917007,-0.95222
0.917234,-0.985939
0.91746,-0.999677
0.917687,-0.993157
0.917914,-0.96651
0.918141,-0.920278
0.918367,-0.855395
0.918594,-0.773178
0.918821,-0.675293
0.919048,-0.563723
0.919274,-0.440729
0.919501,-0.308804
0.919728,-0.17062
0.919955,-0.0289794
0.920181,0.113249
0.920408,0.253182
0.920635,0.387985
0.920862,0.514924
0.921088,0.631429
0.921315,0.735139
0.921542,0.82395
0.921769,0.896064
0.921995,0.950019
0.922222,0.984723
0.922449,0.99947
0.922676,0.993964
0.922902,0.968315
0.923129,0.923043
0.923356,0.859065
0.923583,0.777678
0.92381,0.680532
0.924036,0.569595
0.924263,0.447115
0.92449,0.315574
0.924717,0.177638
0.924943,0.036102
0.92517,-0.106165
0.925397,-0.246281
0.925624,-0.381407
0.92585,-0.508802
0.926077,-0.625887
0.926304,-0.730289
0.926531,-0.819891
0.926757,-0.892878
0.926984,-0.947771
0.927211,-0.983457
0.927438,-0.999213
0.927664,-0.99472
0.927891,-0.97007
0.928118,-0.925761
0.928345,-0.862691
0.928571,-0.782139
0.928798,-0.685736
0.929025,-0.575438
0.929252,-0.453478
0.929478,-0.322328
0.929705,-0.184646
0.929932,-0.0432228
0.930159,0.0990766
0.930385,0.239368
0.930612,0.374809
0.930839,0.502655
0.931066,0.620314
0.931293,0.725402
0.931519,0.81579
0.931746,0.889646
0.931973,0.945473
0.9322,0.982141
0.932426,0.998905
0.932653,0.995427
0.93288,0.971776
0.933107,0.928432
0.933333,0.866273
0.93356,0.786559
0.933787,0.690906
0.934014,0.581251
0.93424,0.459818
0.934467,0.329066
0.934694,0.191646
0.934921,0.0503414
0.935147,-0.0919828
0.935374,-0.232443
0.935601,-0.368193
0.935828,-0.496481
0.936054,-0.614708
0.936281,-0.720478
0.936508,-0.811648
0.936735,-0.886369
0.936961,-0.943128
0.937188,-0.980775
0.937415,-0.998546
0.937642,-0.996082
0.937868,-0.973432
0.938095,-0.931056
0.938322,-0.869811
0.938549,-0.79094
0.938776,-0.69604
0.939002,-0.587036
0.939229,-0.466134
0.939456,-0.335787
0.939683,-0.198635
0.939909,-0.0574575
0.940136,0.0848843
0.940363,0.225506
0.94059,0.361558
0.940816,0.490282
0.941043,0.609072
0.94127,0.715518
0.941497,0.807464
0.941723,0.883047
0.94195,0.940735
0.942177,0.97936
0.942404,0.998137
0.94263,0.996687
0.942857,0.975039
0.943084,0.933632
0.943311,0.873305
0.943537,0.79528
0.943764,0.701139
0.943991,0.59279
0.944218,0.472427
0.944444,0.342491
0.944671,0.205614
0.944898,0.0645707
0.945125,-0.0777815
0.945351,-0.218557
0.945578,-0.354904
0.945805,-0.484059
0.946032,-0.603404
0.946259,-0.710521
0.946485,-0.80324
0.946712,-0.879681
0.946939,-0.938295
0.947166,-0.977894
0.947392,-0.997677
0.947619,-0.997241
0.947846,-0.976597
0.948073,-0.936161
0.948299,-0.876755
0.948526,-0.799581
0.948753,-0.706203
0.94898,-0.598514
0.949206,-0.478696
0.949433,-0.349178
0.94966,-0.212583
0.949887,-0.0716805
0.950113,0.0706747
0.95034,0.211598
0.950567,0.348233
0.950794,0.477811
0.95102,0.597706
0.951247,0.705489
0.951474,0.798975
0.951701,0.876269
0.951927,0.935806
0.952154,0.976379
0.952381,0.997166
0.952608,0.997745
0.952834,0.978105
0.953061,0.938643
0.953288,0.88016
0.953515,0.80384
0.953741,0.711231
0.953968,0.604208
0.954195,0.484941
0.954422,0.355847
0.954649,0.219541
0.954875,0.0787868
0.955102,-0.0635644
0.955329,-0.204627
0.955556,-0.341544
0.955782,-0.471538
0.956009,-0.591977
0.956236,-0.70042
0.956463,-0.794669
0.956689,-0.872813
0.956916,-0.93327
0.957143,-0.974815
0.95737,-0.996604
0.957596,-0.998198
0.957823,-0.979563
0.95805,-0.941077
0.958277,-0.88352
0.958503,-0.808059
0.95873,-0.716222
0.958957,-0.609871
0.959184,-0.491161
0.95941,-0.362498
0.959637,-0.226488
0.959864,-0.085889
0.960091,0.0564508
0.960317,0.197647
0.960544,0.334837
0.960771,0.465242
0.960998,0.586219
0.961224,0.695316
0.961451,0.790323
0.961678,0.869313
0.961905,0.930687
0.962132,0.973201
0.962358,0.995992
0.962585,0.9986
0.962812,0.980971
0.963039,0.943463
0.963265,0.886836
0.963492,0.812236
0.963719,0.721177
0.963946,0.615503
0.964172,0.497356
0.964399,0.36913
0.964626,0.233424
0.964853,0.0929868
0.965079,-0.0493343
0.965306,-0.190656
0.965533,-0.328114
0.96576,-0.458922
0.965986,-0.580431
0.966213,-0.690177
0.96644,-0.785936
0.966667,-0.865769
0.966893,-0.928057
0.96712,-0.971537
0.967347,-0.99533
0.967574,-0.998952
0.9678,-0.98233
0.968027,-0.945801
0.968254,-0.890106
0.968481,-0.816373
0.968707,-0.726096
0.968934,-0.621104
0.969161,-0.503526
0.969388,-0.375744
0.969615,-0.240347
0.969841,-0.10008
0.970068,0.0422154
0.970295,0.183655
0.970522,0.321373
0.970748,0.452579
0.970975,0.574613
0.971202,0.685002
0.971429,0.78151
0.971655,0.86218
0.971882,0.925379
0.972109,0.969824
0.972336,0.994616
0.972562,0.999253
0.972789,0.983639
0.973016,0.948092
0.973243,0.893331
0.973469,0.820468
0.973696,0.730977
0.973923,0.626674
0.97415,0.50967
0.974376,0.382338
0.974603,0.247259
0.97483,0.107168
0.975057,-0.0350943
0.975283,-0.176645
0.97551,-0.314617
0.975737,-0.446213
0.975964,-0.568766
0.97619,-0.679793
0.976417,-0.777044
0.976644,-0.858548
0.976871,-0.922654
0.977098,-0.968062
0.977324,-0.993853
0.977551,-0.999503
0.977778,-0.984898
0.978005,-0.950334
0.978231,-0.896511
0.978458,-0.824521
0.978685,-0.735822
0.978912,-0.632211
0.979138,-0.515789
0.979365,-0.388914
0.979592,-0.254157
0.979819,-0.114251
0.980045,0.0279714
0.980272,0.169627
0.980499,0.307844
0.980726,0.439824
0.980952,0.56289
0.981179,0.674549
0.981406,0.772539
0.981633,0.854873
0.981859,0.919883
0.982086,0.966251
0.982313,0.993039
0.98254,0.999702
0.982766,0.986107
0.982993,0.952528
0.98322,0.899646
0.983447,0.828532
0.983673,0.740629
0.9839,0.637717
0.984127,0.521881
0.984354,0.395469
0.98458,0.261043
0.984807,0.121327
0.985034,-0.0208471
0.985261,-0.162599
0.985488,-0.301056
0.985714,-0.433412
0.985941,-0.556985
0.986168,-0.669271
0.986395,-0.767994
0.986621,-0.851153
0.986848,-0.917064
0.987075,-0.964391
0.987302,-0.992174
0.987528,-0.999851
0.987755,-0.987265
0.987982,-0.954673
0.988209,-0.902734
0.988435,-0.832502
0.988662,-0.745398
0.988889,-0.64319
0.989116,-0.527946
0.989342,-0.402005
0.989569,-0.267916
0.989796,-0.128398
0.990023,0.0137217
0.990249,0.155564
0.990476,0.294253
0.990703,0.426979
0.99093,0.551053
0.991156,0.663959
0.991383,0.76341
0.99161,0.847391
0.991837,0.914199
0.992063,0.962482
0.99229,0.991259
0.992517,0.999948
0.992744,0.988374
0.992971,0.95677
0.993197,0.905777
0.993424,0.836429
0.993651,0.75013
0.993878,0.64863
0.994104,0.533985
0.994331,0.40852
0.994558,0.274775
0.994785,0.135462
0.995011,-0.00659567
0.995238,-0.14852
0.995465,-0.287434
0.995692,-0.420524
0.995918,-0.545092
0.996145,-0.658613
0.996372,-0.758788
0.996599,-0.843586
0.996825,-0.911288
0.997052,-0.960523
0.997279,-0.990294
0.997506,-0.999995
0.997732,-0.989432
0.997959,-0.958818
0.998186,-0.908774
0.998413,-0.840313
0.998639,-0.754824
0.998866,-0.654037
0.999093,-0.539997
0.99932,-0.415014
0.999546,-0.28162
0.999773,-0.14252
