0,1
0.000226757,1
0.000453515,1
0.000680272,1
0.000907029,1
0.00113379,1
0.00136054,1
0.0015873,1
0.00181406,1
0.00204082,1
0.00226757,1
0.00249433,1
0.00272109,1
0.00294785,1
0.0031746,1
0.00340136,1
0.00362812,1
0.00385488,1
0.00408163,1
0.00430839,1
0.00453515,1
0.0047619,1
0.00498866,1
0.00521542,0
0.00544218,0
0.00566893,0
0.00589569,0
0.00612245,0
0.00634921,0
0.00657596,0
0.00680272,0
0.00702948,0
0.00725624,0
0.00748299,0
0.00770975,0
0.00793651,0
0.00816327,0
0.00839002,0
0.00861678,0
0.00884354,0
0.00907029,0
0.00929705,0
0.00952381,0
0.00975057,0
0.00997732,0
0.0102041,1
0.0104308,1
0.0106576,1
0.0108844,1
0.0111111,1
0.0113379,1
0.0115646,1
0.0117914,1
0.0120181,1
0.0122449,1
0.0124717,1
0.0126984,1
0.0129252,1
0.0131519,1
0.0133787,1
0.0136054,1
0.0138322,1
0.014059,1
0.0142857,1
0.0145125,1
0.0147392,1
0.014966,1
0.0151927,0
0.0154195,0
0.0156463,0
0.015873,0
0.0160998,0
0.0163265,0
0.0165533,0
0.01678,0
0.0170068,0
0.0172336,0
0.0174603,0
0.0176871,0
0.0179138,0
0.0181406,0
0.0183673,0
0.0185941,0
0.0188209,0
0.0190476,0
0.0192744,0
0.0195011,0
0.0197279,0
0.0199546,0
0.0201814,1
0.0204082,1
0.0206349,1
0.0208617,1
0.0210884,1
0.0213152,1
0.021542,1
0.0217687,1
0.0219955,1
0.0222222,1
0.022449,1
0.0226757,1
0.0229025,1
0.0231293,1
0.023356,1
0.0235828,1
0.0238095,1
0.0240363,1
0.024263,1
0.0244898,1
0.0247166,1
0.0249433,1
0.0251701,0
0.0253968,0
0.0256236,0
0.0258503,0
0.0260771,0
0.0263039,0
0.0265306,0
0.0267574,0
0.0269841,0
0.0272109,0
0.0274376,0
0.0276644,0
0.0278912,0
0.0281179,0
0.0283447,0
0.0285714,0
0.0287982,0
0.0290249,0
0.0292517,0
0.0294785,0
0.0297052,0
0.029932,0
0.0301587,1
0.0303855,1
0.0306122,1
0.030839,1
0.0310658,1
0.0312925,1
0.0315193,1
0.031746,1
0.0319728,1
0.0321995,1
0.0324263,1
0.0326531,1
0.0328798,1
0.0331066,1
0.0333333,1
0.0335601,1
0.0337868,1
0.0340136,1
0.0342404,1
0.0344671,1
0.0346939,1
0.0349206,1
0.0351474,0
0.0353741,0
0.0356009,0
0.0358277,0
0.0360544,0
0.0362812,0
0.0365079,0
0.0367347,0
0.0369615,0
0.0371882,0
0.037415,0
0.0376417,0
0.0378685,0
0.0380952,0
0.038322,0
0.0385488,0
0.0387755,0
0.0390023,0
0.039229,0
0.0394558,0
0.0396825,0
0.0399093,0
0.0401361,1
0.0403628,1
0.0405896,1
0.0408163,1
0.0410431,1
0.0412698,1
0.0414966,1
0.0417234,1
0.0419501,1
0.0421769,1
0.0424036,1
0.0426304,1
0.0428571,1
0.0430839,1
0.0433107,1
0.0435374,1
0.0437642,1
0.0439909,1
0.0442177,1
0.0444444,1
0.0446712,1
0.044898,1
0.0451247,0
0.0453515,0
0.0455782,0
0.045805,0
0.0460317,0
0.0462585,0
0.0464853,0
0.046712,0
0.0469388,0
0.0471655,0
0.0473923,0
0.047619,0
0.0478458,0
0.0480726,0
0.0482993,0
0.0485261,0
0.0487528,0
0.0489796,0
0.0492063,0
0.0494331,0
0.0496599,0
0.0498866,0
0.0501134,1
0.0503401,1
0.0505669,1
0.0507937,1
0.0510204,1
0.0512472,1
0.0514739,1
0.0517007,1
0.0519274,1
0.0521542,1
0.052381,1
0.0526077,1
0.0528345,1
0.0530612,1
0.053288,1
0.0535147,1
0.0537415,1
0.0539683,1
0.054195,1
0.0544218,1
0.0546485,1
0.0548753,1
0.055102,0
0.0553288,0
0.0555556,0
0.0557823,0
0.0560091,0
0.0562358,0
0.0564626,0
0.0566893,0
0.0569161,0
0.0571429,0
0.0573696,0
0.0575964,0
0.0578231,0
0.0580499,0
0.0582766,0
0.0585034,0
0.0587302,0
0.0589569,0
0.0591837,0
0.0594104,0
0.0596372,0
0.0598639,0
0.0600907,1
0.0603175,1
0.0605442,1
0.060771,1
0.0609977,1
0.0612245,1
0.0614512,1
0.061678,1
0.0619048,1
0.0621315,1
0.0623583,1
0.062585,1
0.0628118,1
0.0630385,1
0.0632653,1
0.0634921,1
0.0637188,1
0.0639456,1
0.0641723,1
0.0643991,1
0.0646259,1
0.0648526,1
0.0650794,0
0.0653061,0
0.0655329,0
0.0657596,0
0.0659864,0
0.0662132,0
0.0664399,0
0.0666667,0
0.0668934,0
0.0671202,0
0.0673469,0
0.0675737,0
0.0678005,0
0.0680272,0
0.068254,0
0.0684807,0
0.0687075,0
0.0689342,0
0.069161,0
0.0693878,0
0.0696145,0
0.0698413,0
0.070068,1
0.0702948,1
0.0705215,1
0.0707483,1
0.0709751,1
0.0712018,1
0.0714286,1
0.0716553,1
0.0718821,1
0.0721088,1
0.0723356,1
0.0725624,1
0.0727891,1
0.0730159,1
0.0732426,1
0.0734694,1
0.0736961,1
0.0739229,1
0.0741497,1
0.0743764,1
0.0746032,1
0.0748299,1
0.0750567,0
0.0752834,0
0.0755102,0
0.075737,0
0.0759637,0
0.0761905,0
0.0764172,0
0.076644,0
0.0768707,0
0.0770975,0
0.0773243,0
0.077551,0
0.0777778,0
0.0780045,0
0.0782313,0
0.078458,0
0.0786848,0
0.0789116,0
0.0791383,0
0.0793651,0
0.0795918,0
0.0798186,0
0.0800454,1
0.0802721,1
0.0804989,1
0.0807256,1
0.0809524,1
0.0811791,1
0.0814059,1
0.0816327,1
0.0818594,1
0.0820862,1
0.0823129,1
0.0825397,1
0.0827664,1
0.0829932,1
0.08322,1
0.0834467,1
0.0836735,1
0.0839002,1
0.084127,1
0.0843537,1
0.0845805,1
0.0848073,1
0.085034,0
0.0852608,0
0.0854875,0
0.0857143,0
0.085941,0
0.0861678,0
0.0863946,0
0.0866213,0
0.0868481,0
0.0870748,0
0.0873016,0
0.0875283,0
0.0877551,0
0.0879819,0
0.0882086,0
0.0884354,0
0.0886621,0
0.0888889,0
0.0891156,0
0.0893424,0
0.0895692,0
0.0897959,0
0.0900227,1
0.0902494,1
0.0904762,1
0.0907029,1
0.0909297,1
0.0911565,1
0.0913832,1
0.09161,1
0.0918367,1
0.0920635,1
0.0922902,1
0.092517,1
0.0927438,1
0.0929705,1
0.0931973,1
0.093424,1
0.0936508,1
0.0938776,1
0.0941043,1
0.0943311,1
0.0945578,1
0.0947846,1
0.0950113,0
0.0952381,0
0.0954649,0
0.0956916,0
0.0959184,0
0.0961451,0
0.0963719,0
0.0965986,0
0.0968254,0
0.0970522,0
0.0972789,0
0.0975057,0
0.0977324,0
0.0979592,0
0.0981859,0
0.0984127,0
0.0986395,0
0.0988662,0
0.099093,0
0.0993197,0
0.0995465,0
0.0997732,0
0.1,0
0.100227,1
0.100454,1
0.10068,1
0.100907,1
0.101134,1
0.101361,1
0.101587,1
0.101814,1
0.102041,1
0.102268,1
0.102494,1
0.102721,1
0.102948,1
0.103175,1
0.103401,1
0.103628,1
0.103855,1
0.104082,1
0.104308,1
0.104535,1
0.104762,1
0.104989,1
0.105215,0
0.105442,0
0.105669,0
0.105896,0
0.106122,0
0.106349,0
0.106576,0
0.106803,0
0.107029,0
0.107256,0
0.107483,0
0.10771,0
0.107937,0
0.108163,0
0.10839,0
0.108617,0
0.108844,0
0.10907,0
0.109297,0
0.109524,0
0.109751,0
0.109977,0
0.110204,1
0.110431,1
0.110658,1
0.110884,1
0.111111,1
0.111338,1
0.111565,1
0.111791,1
0.112018,1
0.112245,1
0.112472,1
0.112698,1
0.112925,1
0.113152,1
0.113379,1
0.113605,1
0.113832,1
0.114059,1
0.114286,1
0.114512,1
0.114739,1
0.114966,1
0.115193,0
0.11542,0
0.115646,0
0.115873,0
0.1161,0
0.116327,0
0.116553,0
0.11678,0
0.117007,0
0.117234,0
0.11746,0
0.117687,0
0.117914,0
0.118141,0
0.118367,0
0.118594,0
0.118821,0
0.119048,0
0.119274,0
0.119501,0
0.119728,0
0.119955,0
0.120181,1
0.120408,1
0.120635,1
0.120862,1
0.121088,1
0.121315,1
0.121542,1
0.121769,1
0.121995,1
0.122222,1
0.122449,1
0.122676,1
0.122902,1
0.123129,1
0.123356,1
0.123583,1
0.12381,1
0.124036,1
0.124263,1
0.12449,1
0.124717,1
0.124943,1
0.12517,0
0.125397,0
0.125624,0
0.12585,0
0.126077,0
0.126304,0
0.126531,0
0.126757,0
0.126984,0
0.127211,0
0.127438,0
0.127664,0
0.127891,0
0.128118,0
0.128345,0
0.128571,0
0.128798,0
0.129025,0
0.129252,0
0.129478,0
0.129705,0
0.129932,0
0.130159,1
0.130385,1
0.130612,1
0.130839,1
0.131066,1
0.131293,1
0.131519,1
0.131746,1
0.131973,1
0.1322,1
0.132426,1
0.132653,1
0.13288,1
0.133107,1
0.133333,1
0.13356,1
0.133787,1
0.134014,1
0.13424,1
0.134467,1
0.134694,1
0.134921,1
0.135147,0
0.135374,0
0.135601,0
0.135828,0
0.136054,0
0.136281,0
0.136508,0
0.136735,0
0.136961,0
0.137188,0
0.137415,0
0.137642,0
0.137868,0
0.138095,0
0.138322,0
0.138549,0
0.138776,0
0.139002,0
0.139229,0
0.139456,0
0.139683,0
0.139909,0
0.140136,1
0.140363,1
0.14059,1
0.140816,1
0.141043,1
0.14127,1
0.141497,1
0.141723,1
0.14195,1
0.142177,1
0.142404,1
0.14263,1
0.142857,1
0.143084,1
0.143311,1
0.143537,1
0.143764,1
0.143991,1
0.144218,1
0.144444,1
0.144671,1
0.144898,1
0.145125,0
0.145351,0
0.145578,0
0.145805,0
0.146032,0
0.146259,0
0.146485,0
0.146712,0
0.146939,0
0.147166,0
0.147392,0
0.147619,0
0.147846,0
0.148073,0
0.148299,0
0.148526,0
0.148753,0
0.14898,0
0.149206,0
0.149433,0
0.14966,0
0.149887,0
0.150113,1
0.15034,1
0.150567,1
0.150794,1
0.15102,1
0.151247,1
0.151474,1
0.151701,1
0.151927,1
0.152154,1
0.152381,1
0.152608,1
0.152834,1
0.153061,1
0.153288,1
0.153515,1
0.153741,1
0.153968,1
0.154195,1
0.154422,1
0.154649,1
0.154875,1
0.155102,0
0.155329,0
0.155556,0
0.155782,0
0.156009,0
0.156236,0
0.156463,0
0.156689,0
0.156916,0
0.157143,0
0.15737,0
0.157596,0
0.157823,0
0.15805,0
0.158277,0
0.158503,0
0.15873,0
0.158957,0
0.159184,0
0.15941,0
0.159637,0
0.159864,0
0.160091,1
0.160317,1
0.160544,1
0.160771,1
0.160998,1
0.161224,1
0.161451,1
0.161678,1
0.161905,1
0.162132,1
0.162358,1
0.162585,1
0.162812,1
0.163039,1
0.163265,1
0.163492,1
0.163719,1
0.163946,1
0.164172,1
0.164399,1
0.164626,1
0.164853,1
0.165079,0
0.165306,0
0.165533,0
0.16576,0
0.165986,0
0.166213,0
0.16644,0
0.166667,0
0.166893,0
0.16712,0
0.167347,0
0.167574,0
0.1678,0
0.168027,0
0.168254,0
0.168481,0
0.168707,0
0.168934,0
0.169161,0
0.169388,0
0.169615,0
0.169841,0
0.170068,1
0.170295,1
0.170522,1
0.170748,1
0.170975,1
0.171202,1
0.171429,1
0.171655,1
0.171882,1
0.172109,1
0.172336,1
0.172562,1
0.172789,1
0.173016,1
0.173243,1
0.173469,1
0.173696,1
0.173923,1
0.17415,1
0.174376,1
0.174603,1
0.17483,1
0.175057,0
0.175283,0
0.17551,0
0.175737,0
0.175964,0
0.17619,0
0.176417,0
0.176644,0
0.176871,0
0.177098,0
0.177324,0
0.177551,0
0.177778,0
0.178005,0
0.178231,0
0.178458,0
0.178685,0
0.178912,0
0.179138,0
0.179365,0
0.179592,0
0.179819,0
0.180045,1
0.180272,1
0.180499,1
0.180726,1
0.180952,1
0.181179,1
0.181406,1
0.181633,1
0.181859,1
0.182086,1
0.182313,1
0.18254,1
0.182766,1
0.182993,1
0.18322,1
0.183447,1
0.183673,1
0.1839,1
0.184127,1
0.184354,1
0.18458,1
0.184807,1
0.185034,0
0.185261,0
0.185488,0
0.185714,0
0.185941,0
0.186168,0
0.186395,0
0.186621,0
0.186848,0
0.187075,0
0.187302,0
0.187528,0
0.187755,0
0.187982,0
0.188209,0
0.188435,0
0.188662,0
0.188889,0
0.189116,0
0.189342,0
0.189569,0
0.189796,0
0.190023,1
0.190249,1
0.190476,1
0.190703,1
0.19093,1
0.191156,1
0.191383,1
0.19161,1
0.191837,1
0.192063,1
0.19229,1
0.192517,1
0.192744,1
0.192971,1
0.193197,1
0.193424,1
0.193651,1
0.193878,1
0.194104,1
0.194331,1
0.194558,1
0.194785,1
0.195011,0
0.195238,0
0.195465,0
0.195692,0
0.195918,0
0.196145,0
0.196372,0
0.196599,0
0.196825,0
0.197052,0
0.197279,0
0.197506,0
0.197732,0
0.197959,0
0.198186,0
0.198413,0
0.198639,0
0.198866,0
0.199093,0
0.19932,0
0.199546,0
0.199773,0
0.2,0
0.200227,1
0.200454,1
0.20068,1
0.200907,1
0.201134,1
0.201361,1
0.201587,1
0.201814,1
0.202041,1
0.202268,1
0.202494,1
0.202721,1
0.202948,1
0.203175,1
0.203401,1
0.203628,1
0.203855,1
0.204082,1
0.204308,1
0.204535,1
0.204762,1
0.204989,1
0.205215,0
0.205442,0
0.205669,0
0.205896,0
0.206122,0
0.206349,0
0.206576,0
0.206803,0
0.207029,0
0.207256,0
0.207483,0
0.20771,0
0.207937,0
0.208163,0
0.20839,0
0.208617,0
0.208844,0
0.20907,0
0.209297,0
0.209524,0
0.209751,0
0.209977,0
0.210204,1
0.210431,1
0.210658,1
0.210884,1
0.211111,1
0.211338,1
0.211565,1
0.211791,1
0.212018,1
0.212245,1
0.212472,1
0.212698,1
0.212925,1
0.213152,1
0.213379,1
0.213605,1
0.213832,1
0.214059,1
0.214286,1
0.214512,1
0.214739,1
0.214966,1
0.215193,0
0.21542,0
0.215646,0
0.215873,0
0.2161,0
0.216327,0
0.216553,0
0.21678,0
0.217007,0
0.217234,0
0.21746,0
0.217687,0
0.217914,0
0.218141,0
0.218367,0
0.218594,0
0.218821,0
0.219048,0
0.219274,0
0.219501,0
0.219728,0
0.219955,0
0.220181,1
0.220408,1
0.220635,1
0.220862,1
0.221088,1
0.221315,1
0.221542,1
0.221769,1
0.221995,1
0.222222,1
0.222449,1
0.222676,1
0.222902,1
0.223129,1
0.223356,1
0.223583,1
0.22381,1
0.224036,1
0.224263,1
0.22449,1
0.224717,1
0.224943,1
0.22517,0
0.225397,0
0.225624,0
0.22585,0
0.226077,0
0.226304,0
0.226531,0
0.226757,0
0.226984,0
0.227211,0
0.227438,0
0.227664,0
0.227891,0
0.228118,0
0.228345,0
0.228571,0
0.228798,0
0.229025,0
0.229252,0
0.229478,0
0.229705,0
0.229932,0
0.230159,1
0.230385,1
0.230612,1
0.230839,1
0.231066,1
0.231293,1
0.231519,1
0.231746,1
0.231973,1
0.2322,1
0.232426,1
0.232653,1
0.23288,1
0.233107,1
0.233333,1
0.23356,1
0.233787,1
0.234014,1
0.23424,1
0.234467,1
0.234694,1
0.234921,1
0.235147,0
0.235374,0
0.235601,0
0.235828,0
0.236054,0
0.236281,0
0.236508,0
0.236735,0
0.236961,0
0.237188,0
0.237415,0
0.237642,0
0.237868,0
0.238095,0
0.238322,0
0.238549,0
0.238776,0
0.239002,0
0.239229,0
0.239456,0
0.239683,0
0.239909,0
0.240136,1
0.240363,1
0.24059,1
0.240816,1
0.241043,1
0.24127,1
0.241497,1
0.241723,1
0.24195,1
0.242177,1
0.242404,1
0.24263,1
0.242857,1
0.243084,1
0.243311,1
0.243537,1
0.243764,1
0.243991,1
0.244218,1
0.244444,1
0.244671,1
0.244898,1
0.245125,0
0.245351,0
0.245578,0
0.245805,0
0.246032,0
0.246259,0
0.246485,0
0.246712,0
0.246939,0
0.247166,0
0.247392,0
0.247619,0
0.247846,0
0.248073,0
0.248299,0
0.248526,0
0.248753,0
0.24898,0
0.249206,0
0.249433,0
0.24966,0
0.249887,0
0.250113,1
0.25034,1
0.250567,1
0.250794,1
0.25102,1
0.251247,1
0.251474,1
0.251701,1
0.251927,1
0.252154,1
0.252381,1
0.252608,1
0.252834,1
0.253061,1
0.253288,1
0.253515,1
0.253741,1
0.253968,1
0.254195,1
0.254422,1
0.254649,1
0.254875,1
0.255102,0
0.255329,0
0.255556,0
0.255782,0
0.256009,0
0.256236,0
0.256463,0
0.256689,0
0.256916,0
0.257143,0
0.25737,0
0.257596,0
0.257823,0
0.25805,0
0.258277,0
0.258503,0
0.25873,0
0.258957,0
0.259184,0
0.25941,0
0.259637,0
0.259864,0
0.260091,1
0.260317,1
0.260544,1
0.260771,1
0.260998,1
0.261224,1
0.261451,1
0.261678,1
0.261905,1
0.262132,1
0.262358,1
0.262585,1
0.262812,1
0.263039,1
0.263265,1
0.263492,1
0.263719,1
0.263946,1
0.264172,1
0.264399,1
0.264626,1
0.264853,1
0.265079,0
0.265306,0
0.265533,0
0.26576,0
0.265986,0
0.266213,0
0.26644,0
0.266667,0
0.266893,0
0.26712,0
0.267347,0
0.267574,0
0.2678,0
0.268027,0
0.268254,0
0.268481,0
0.268707,0
0.268934,0
0.269161,0
0.269388,0
0.269615,0
0.269841,0
0.270068,1
0.270295,1
0.270522,1
0.270748,1
0.270975,1
0.271202,1
0.271429,1
0.271655,1
0.271882,1
0.272109,1
0.272336,1
0.272562,1
0.272789,1
0.273016,1
0.273243,1
0.273469,1
0.273696,1
0.273923,1
0.27415,1
0.274376,1
0.274603,1
0.27483,1
0.275057,0
0.275283,0
0.27551,0
0.275737,0
0.275964,0
0.27619,0
0.276417,0
0.276644,0
0.276871,0
0.277098,0
0.277324,0
0.277551,0
0.277778,0
0.278005,0
0.278231,0
0.278458,0
0.278685,0
0.278912,0
0.279138,0
0.279365,0
0.279592,0
0.279819,0
0.280045,1
0.280272,1
0.280499,1
0.280726,1
0.280952,1
0.281179,1
0.281406,1
0.281633,1
0.281859,1
0.282086,1
0.282313,1
0.28254,1
0.282766,1
0.282993,1
0.28322,1
0.283447,1
0.283673,1
0.2839,1
0.284127,1
0.284354,1
0.28458,1
0.284807,1
0.285034,0
0.285261,0
0.285488,0
0.285714,0
0.285941,0
0.286168,0
0.286395,0
0.286621,0
0.286848,0
0.287075,0
0.287302,0
0.287528,0
0.287755,0
0.287982,0
0.288209,0
0.288435,0
0.288662,0
0.288889,0
0.289116,0
0.289342,0
0.289569,0
0.289796,0
0.290023,1
0.290249,1
0.290476,1
0.290703,1
0.29093,1
0.291156,1
0.291383,1
0.29161,1
0.291837,1
0.292063,1
0.29229,1
0.292517,1
0.292744,1
0.292971,1
0.293197,1
0.293424,1
0.293651,1
0.293878,1
0.294104,1
0.294331,1
0.294558,1
0.294785,1
0.295011,0
0.295238,0
0.295465,0
0.295692,0
0.295918,0
0.296145,0
0.296372,0
0.296599,0
0.296825,0
0.297052,0
0.297279,0
0.297506,0
0.297732,0
0.297959,0
0.298186,0
0.298413,0
0.298639,0
0.298866,0
0.299093,0
0.29932,0
0.299546,0
0.299773,0
0.3,0
0.300227,1
0.300454,1
0.30068,1
0.300907,1
0.301134,1
0.301361,1
0.301587,1
0.301814,1
0.302041,1
0.302268,1
0.302494,1
0.302721,1
0.302948,1
0.303175,1
0.303401,1
0.303628,1
0.303855,1
0.304082,1
0.304308,1
0.304535,1
0.304762,1
0.304989,1
0.305215,0
0.305442,0
0.305669,0
0.305896,0
0.306122,0
0.306349,0
0.306576,0
0.306803,0
0.307029,0
0.307256,0
0.307483,0
0.30771,0
0.307937,0
0.308163,0
0.30839,0
0.308617,0
0.308844,0
0.30907,0
0.309297,0
0.309524,0
0.309751,0
0.309977,0
0.310204,1
0.310431,1
0.310658,1
0.310884,1
0.311111,1
0.311338,1
0.311565,1
0.311791,1
0.312018,1
0.312245,1
0.312472,1
0.312698,1
0.312925,1
0.313152,1
0.313379,1
0.313605,1
0.313832,1
0.314059,1
0.314286,1
0.314512,1
0.314739,1
0.314966,1
0.315193,0
0.31542,0
0.315646,0
0.315873,0
0.3161,0
0.316327,0
0.316553,0
0.31678,0
0.317007,0
0.317234,0
0.31746,0
0.317687,0
0.317914,0
0.318141,0
0.318367,0
0.318594,0
0.318821,0
0.319048,0
0.319274,0
0.319501,0
0.319728,0
0.319955,0
0.320181,1
0.320408,1
0.320635,1
0.320862,1
0.321088,1
0.321315,1
0.321542,1
0.321769,1
0.321995,1
0.322222,1
0.322449,1
0.322676,1
0.322902,1
0.323129,1
0.323356,1
0.323583,1
0.32381,1
0.324036,1
0.324263,1
0.32449,1
0.324717,1
0.324943,1
0.32517,0
0.325397,0
0.325624,0
0.32585,0
0.326077,0
0.326304,0
0.326531,0
0.326757,0
0.326984,0
0.327211,0
0.327438,0
0.327664,0
0.327891,0
0.328118,0
0.328345,0
0.328571,0
0.328798,0
0.329025,0
0.329252,0
0.329478,0
0.329705,0
0.329932,0
0.330159,1
0.330385,1
0.330612,1
0.330839,1
0.331066,1
0.331293,1
0.331519,1
0.331746,1
0.331973,1
0.3322,1
0.332426,1
0.332653,1
0.33288,1
0.333107,1
0.333333,1
0.33356,1
0.333787,1
0.334014,1
0.33424,1
0.334467,1
0.334694,1
0.334921,1
0.335147,0
0.335374,0
0.335601,0
0.335828,0
0.336054,0
0.336281,0
0.336508,0
0.336735,0
0.336961,0
0.337188,0
0.337415,0
0.337642,0
0.337868,0
0.338095,0
0.338322,0
0.338549,0
0.338776,0
0.339002,0
0.339229,0
0.339456,0
0.339683,0
0.339909,0
0.340136,1
0.340363,1
0.34059,1
0.340816,1
0.341043,1
0.34127,1
0.341497,1
0.341723,1
0.34195,1
0.342177,1
0.342404,1
0.34263,1
0.342857,1
0.343084,1
0.343311,1
0.343537,1
0.343764,1
0.343991,1
0.344218,1
0.344444,1
0.344671,1
0.344898,1
0.345125,0
0.345351,0
0.345578,0
0.345805,0
0.346032,0
0.346259,0
0.346485,0
0.346712,0
0.346939,0
0.347166,0
0.347392,0
0.347619,0
0.347846,0
0.348073,0
0.348299,0
0.348526,0
0.348753,0
0.34898,0
0.349206,0
0.349433,0
0.34966,0
0.349887,0
0.350113,1
0.35034,1
0.350567,1
0.350794,1
0.35102,1
0.351247,1
0.351474,1
0.351701,1
0.351927,1
0.352154,1
0.352381,1
0.352608,1
0.352834,1
0.353061,1
0.353288,1
0.353515,1
0.353741,1
0.353968,1
0.354195,1
0.354422,1
0.354649,1
0.354875,1
0.355102,0
0.355329,0
0.355556,0
0.355782,0
0.356009,0
0.356236,0
0.356463,0
0.356689,0
0.356916,0
0.357143,0
0.35737,0
0.357596,0
0.357823,0
0.35805,0
0.358277,0
0.358503,0
0.35873,0
0.358957,0
0.359184,0
0.35941,0
0.359637,0
0.359864,0
0.360091,1
0.360317,1
0.360544,1
0.360771,1
0.360998,1
0.361224,1
0.361451,1
0.361678,1
0.361905,1
0.362132,1
0.362358,1
0.362585,1
0.362812,1
0.363039,1
0.363265,1
0.363492,1
0.363719,1
0.363946,1
0.364172,1
0.364399,1
0.364626,1
0.364853,1
0.365079,0
0.365306,0
0.365533,0
0.36576,0
0.365986,0
0.366213,0
0.36644,0
0.366667,0
0.366893,0
0.36712,0
0.367347,0
0.367574,0
0.3678,0
0.368027,0
0.368254,0
0.368481,0
0.368707,0
0.368934,0
0.369161,0
0.369388,0
0.369615,0
0.369841,0
0.370068,1
0.370295,1
0.370522,1
0.370748,1
0.370975,1
0.371202,1
0.371429,1
0.371655,1
0.371882,1
0.372109,1
0.372336,1
0.372562,1
0.372789,1
0.373016,1
0.373243,1
0.373469,1
0.373696,1
0.373923,1
0.37415,1
0.374376,1
0.374603,1
0.37483,1
0.375057,0
0.375283,0
0.37551,0
0.375737,0
0.375964,0
0.37619,0
0.376417,0
0.376644,0
0.376871,0
0.377098,0
0.377324,0
0.377551,0
0.377778,0
0.378005,0
0.378231,0
0.378458,0
0.378685,0
0.378912,0
0.379138,0
0.379365,0
0.379592,0
0.379819,0
0.380045,1
0.380272,1
0.380499,1
0.380726,1
0.380952,1
0.381179,1
0.381406,1
0.381633,1
0.381859,1
0.382086,1
0.382313,1
0.38254,1
0.382766,1
0.382993,1
0.38322,1
0.383447,1
0.383673,1
0.3839,1
0.384127,1
0.384354,1
0.38458,1
0.384807,1
0.385034,0
0.385261,0
0.385488,0
0.385714,0
0.385941,0
0.386168,0
0.386395,0
0.386621,0
0.386848,0
0.387075,0
0.387302,0
0.387528,0
0.387755,0
0.387982,0
0.388209,0
0.388435,0
0.388662,0
0.388889,0
0.389116,0
0.389342,0
0.389569,0
0.389796,0
0.390023,1
0.390249,1
0.390476,1
0.390703,1
0.39093,1
0.391156,1
0.391383,1
0.39161,1
0.391837,1
0.392063,1
0.39229,1
0.392517,1
0.392744,1
0.392971,1
0.393197,1
0.393424,1
0.393651,1
0.393878,1
0.394104,1
0.394331,1
0.394558,1
0.394785,1
0.395011,0
0.395238,0
0.395465,0
0.395692,0
0.395918,0
0.396145,0
0.396372,0
0.396599,0
0.396825,0
0.397052,0
0.397279,0
0.397506,0
0.397732,0
0.397959,0
0.398186,0
0.398413,0
0.398639,0
0.398866,0
0.399093,0
0.39932,0
0.399546,0
0.399773,0
0.4,0
0.400227,1
0.400454,1
0.40068,1
0.400907,1
0.401134,1
0.401361,1
0.401587,1
0.401814,1
0.402041,1
0.402268,1
0.402494,1
0.402721,1
0.402948,1
0.403175,1
0.403401,1
0.403628,1
0.403855,1
0.404082,1
0.404308,1
0.404535,1
0.404762,1
0.404989,1
0.405215,0
0.405442,0
0.405669,0
0.405896,0
0.406122,0
0.406349,0
0.406576,0
0.406803,0
0.407029,0
0.407256,0
0.407483,0
0.40771,0
0.407937,0
0.408163,0
0.40839,0
0.408617,0
0.408844,0
0.40907,0
0.409297,0
0.409524,0
0.409751,0
0.409977,0
0.410204,1
0.410431,1
0.410658,1
0.410884,1
0.411111,1
0.411338,1
0.411565,1
0.411791,1
0.412018,1
0.412245,1
0.412472,1
0.412698,1
0.412925,1
0.413152,1
0.413379,1
0.413605,1
0.413832,1
0.414059,1
0.414286,1
0.414512,1
0.414739,1
0.414966,1
0.415193,0
0.41542,0
0.415646,0
0.415873,0
0.4161,0
0.416327,0
0.416553,0
0.41678,0
0.417007,0
0.417234,0
0.41746,0
0.417687,0
0.417914,0
0.418141,0
0.418367,0
0.418594,0
0.418821,0
0.419048,0
0.419274,0
0.419501,0
0.419728,0
0.419955,0
0.420181,1
0.420408,1
0.420635,1
0.420862,1
0.421088,1
0.421315,1
0.421542,1
0.421769,1
0.421995,1
0.422222,1
0.422449,1
0.422676,1
0.422902,1
0.423129,1
0.423356,1
0.423583,1
0.42381,1
0.424036,1
0.424263,1
0.42449,1
0.424717,1
0.424943,1
0.42517,0
0.425397,0
0.425624,0
0.42585,0
0.426077,0
0.426304,0
0.426531,0
0.426757,0
0.426984,0
0.427211,0
0.427438,0
0.427664,0
0.427891,0
0.428118,0
0.428345,0
0.428571,0
0.428798,0
0.429025,0
0.429252,0
0.429478,0
0.429705,0
0.429932,0
0.430159,1
0.430385,1
0.430612,1
0.430839,1
0.431066,1
0.431293,1
0.431519,1
0.431746,1
0.431973,1
0.4322,1
0.432426,1
0.432653,1
0.43288,1
0.433107,1
0.433333,1
0.43356,1
0.433787,1
0.434014,1
0.43424,1
0.434467,1
0.434694,1
0.434921,1
0.435147,0
0.435374,0
0.435601,0
0.435828,0
0.436054,0
0.436281,0
0.436508,0
0.436735,0
0.436961,0
0.437188,0
0.437415,0
0.437642,0
0.437868,0
0.438095,0
0.438322,0
0.438549,0
0.438776,0
0.439002,0
0.439229,0
0.439456,0
0.439683,0
0.439909,0
0.440136,1
0.440363,1
0.44059,1
0.440816,1
0.441043,1
0.44127,1
0.441497,1
0.441723,1
0.44195,1
0.442177,1
0.442404,1
0.44263,1
0.442857,1
0.443084,1
0.443311,1
0.443537,1
0.443764,1
0.443991,1
0.444218,1
0.444444,1
0.444671,1
0.444898,1
0.445125,0
0.445351,0
0.445578,0
0.445805,0
0.446032,0
0.446259,0
0.446485,0
0.446712,0
0.446939,0
0.447166,0
0.447392,0
0.447619,0
0.447846,0
0.448073,0
0.448299,0
0.448526,0
0.448753,0
0.44898,0
0.449206,0
0.449433,0
0.44966,0
0.449887,0
0.450113,1
0.45034,1
0.450567,1
0.450794,1
0.45102,1
0.451247,1
0.451474,1
0.451701,1
0.451927,1
0.452154,1
0.452381,1
0.452608,1
0.452834,1
0.453061,1
0.453288,1
0.453515,1
0.453741,1
0.453968,1
0.454195,1
0.454422,1
0.454649,1
0.454875,1
0.455102,0
0.455329,0
0.455556,0
0.455782,0
0.456009,0
0.456236,0
0.456463,0
0.456689,0
0.456916,0
0.457143,0
0.45737,0
0.457596,0
0.457823,0
0.45805,0
0.458277,0
0.458503,0
0.45873,0
0.458957,0
0.459184,0
0.45941,0
0.459637,0
0.459864,0
0.460091,1
0.460317,1
0.460544,1
0.460771,1
0.460998,1
0.461224,1
0.461451,1
0.461678,1
0.461905,1
0.462132,1
0.462358,1
0.462585,1
0.462812,1
0.463039,1
0.463265,1
0.463492,1
0.463719,1
0.463946,1
0.464172,1
0.464399,1
0.464626,1
0.464853,1
0.465079,0
0.465306,0
0.465533,0
0.46576,0
0.465986,0
0.466213,0
0.46644,0
0.466667,0
0.466893,0
0.46712,0
0.467347,0
0.467574,0
0.4678,0
0.468027,0
0.468254,0
0.468481,0
0.468707,0
0.468934,0
0.469161,0
0.469388,0
0.469615,0
0.469841,0
0.470068,1
0.470295,1
0.470522,1
0.470748,1
0.470975,1
0.471202,1
0.471429,1
0.471655,1
0.471882,1
0.472109,1
0.472336,1
0.472562,1
0.472789,1
0.473016,1
0.473243,1
0.473469,1
0.473696,1
0.473923,1
0.47415,1
0.474376,1
0.474603,1
0.47483,1
0.475057,0
0.475283,0
0.47551,0
0.475737,0
0.475964,0
0.47619,0
0.476417,0
0.476644,0
0.476871,0
0.477098,0
0.477324,0
0.477551,0
0.477778,0
0.478005,0
0.478231,0
0.478458,0
0.478685,0
0.478912,0
0.479138,0
0.479365,0
0.479592,0
0.479819,0
0.480045,1
0.480272,1
0.480499,1
0.480726,1
0.480952,1
0.481179,1
0.481406,1
0.481633,1
0.481859,1
0.482086,1
0.482313,1
0.48254,1
0.482766,1
0.482993,1
0.48322,1
0.483447,1
0.483673,1
0.4839,1
0.484127,1
0.484354,1
0.48458,1
0.484807,1
0.485034,0
0.485261,0
0.485488,0
0.485714,0
0.485941,0
0.486168,0
0.486395,0
0.486621,0
0.486848,0
0.487075,0
0.487302,0
0.487528,0
0.487755,0
0.487982,0
0.488209,0
0.488435,0
0.488662,0
0.488889,0
0.489116,0
0.489342,0
0.489569,0
0.489796,0
0.490023,1
0.490249,1
0.490476,1
0.490703,1
0.49093,1
0.491156,1
0.491383,1
0.49161,1
0.491837,1
0.492063,1
0.49229,1
0.492517,1
0.492744,1
0.492971,1
0.493197,1
0.493424,1
0.493651,1
0.493878,1
0.494104,1
0.494331,1
0.494558,1
0.494785,1
0.495011,0
0.495238,0
0.495465,0
0.495692,0
0.495918,0
0.496145,0
0.496372,0
0.496599,0
0.496825,0
0.497052,0
0.497279,0
0.497506,0
0.497732,0
0.497959,0
0.498186,0
0.498413,0
0.498639,0
0.498866,0
0.499093,0
0.49932,0
0.499546,0
0.499773,0
0.5,0
0.500227,1
0.500454,1
0.50068,1
0.500907,1
0.501134,1
0.501361,1
0.501587,1
0.501814,1
0.502041,1
0.502268,1
0.502494,1
0.502721,1
0.502948,1
0.503175,1
0.503401,1
0.503628,1
0.503855,1
0.504082,1
0.504308,1
0.504535,1
0.504762,1
0.504989,1
0.505215,0
0.505442,0
0.505669,0
0.505896,0
0.506122,0
0.506349,0
0.506576,0
0.506803,0
0.507029,0
0.507256,0
0.507483,0
0.50771,0
0.507937,0
0.508163,0
0.50839,0
0.508617,0
0.508844,0
0.50907,0
0.509297,0
0.509524,0
0.509751,0
0.509977,0
0.510204,1
0.510431,1
0.510658,1
0.510884,1
0.511111,1
0.511338,1
0.511565,1
0.511791,1
0.512018,1
0.512245,1
0.512472,1
0.512698,1
0.512925,1
0.513152,1
0.513379,1
0.513605,1
0.513832,1
0.514059,1
0.514286,1
0.514512,1
0.514739,1
0.514966,1
0.515193,0
0.51542,0
0.515646,0
0.515873,0
0.5161,0
0.516327,0
0.516553,0
0.51678,0
0.517007,0
0.517234,0
0.51746,0
0.517687,0
0.517914,0
0.518141,0
0.518367,0
0.518594,0
0.518821,0
0.519048,0
0.519274,0
0.519501,0
0.519728,0
0.519955,0
0.520181,1
0.520408,1
0.520635,1
0.520862,1
0.521088,1
0.521315,1
0.521542,1
0.521769,1
0.521995,1
0.522222,1
0.522449,1
0.522676,1
0.522902,1
0.523129,1
0.523356,1
0.523583,1
0.52381,1
0.524036,1
0.524263,1
0.52449,1
0.524717,1
0.524943,1
0.52517,0
0.525397,0
0.525624,0
0.52585,0
0.526077,0
0.526304,0
0.526531,0
0.526757,0
0.526984,0
0.527211,0
0.527438,0
0.527664,0
0.527891,0
0.528118,0
0.528345,0
0.528571,0
0.528798,0
0.529025,0
0.529252,0
0.529478,0
0.529705,0
0.529932,0
0.530159,1
0.530385,1
0.530612,1
0.530839,1
0.531066,1
0.531293,1
0.531519,1
0.531746,1
0.531973,1
0.5322,1
0.532426,1
0.532653,1
0.53288,1
0.533107,1
0.533333,1
0.53356,1
0.533787,1
0.534014,1
0.53424,1
0.534467,1
0.534694,1
0.534921,1
0.535147,0
0.535374,0
0.535601,0
0.535828,0
0.536054,0
0.536281,0
0.536508,0
0.536735,0
0.536961,0
0.537188,0
0.537415,0
0.537642,0
0.537868,0
0.538095,0
0.538322,0
0.538549,0
0.538776,0
0.539002,0
0.539229,0
0.539456,0
0.539683,0
0.539909,0
0.540136,1
0.540363,1
0.54059,1
0.540816,1
0.541043,1
0.54127,1
0.541497,1
0.541723,1
0.54195,1
0.542177,1
0.542404,1
0.54263,1
0.542857,1
0.543084,1
0.543311,1
0.543537,1
0.543764,1
0.543991,1
0.544218,1
0.544444,1
0.544671,1
0.544898,1
0.545125,0
0.545351,0
0.545578,0
0.545805,0
0.546032,0
0.546259,0
0.546485,0
0.546712,0
0.546939,0
0.547166,0
0.547392,0
0.547619,0
0.547846,0
0.548073,0
0.548299,0
0.548526,0
0.548753,0
0.54898,0
0.549206,0
0.549433,0
0.54966,0
0.549887,0
0.550113,1
0.55034,1
0.550567,1
0.550794,1
0.55102,1
0.551247,1
0.551474,1
0.551701,1
0.551927,1
0.552154,1
0.552381,1
0.552608,1
0.552834,1
0.553061,1
0.553288,1
0.553515,1
0.553741,1
0.553968,1
0.554195,1
0.554422,1
0.554649,1
0.554875,1
0.555102,0
0.555329,0
0.555556,0
0.555782,0
0.556009,0
0.556236,0
0.556463,0
0.556689,0
0.556916,0
0.557143,0
0.55737,0
0.557596,0
0.557823,0
0.55805,0
0.558277,0
0.558503,0
0.55873,0
0.558957,0
0.559184,0
0.55941,0
0.559637,0
0.559864,0
0.560091,1
0.560317,1
0.560544,1
0.560771,1
0.560998,1
0.561224,1
0.561451,1
0.561678,1
0.561905,1
0.562132,1
0.562358,1
0.562585,1
0.562812,1
0.563039,1
0.563265,1
0.563492,1
0.563719,1
0.563946,1
0.564172,1
0.564399,1
0.564626,1
0.564853,1
0.565079,0
0.565306,0
0.565533,0
0.56576,0
0.565986,0
0.566213,0
0.56644,0
0.566667,0
0.566893,0
0.56712,0
0.567347,0
0.567574,0
0.5678,0
0.568027,0
0.568254,0
0.568481,0
0.568707,0
0.568934,0
0.569161,0
0.569388,0
0.569615,0
0.569841,0
0.570068,1
0.570295,1
0.570522,1
0.570748,1
0.570975,1
0.571202,1
0.571429,1
0.571655,1
0.571882,1
0.572109,1
0.572336,1
0.572562,1
0.572789,1
0.573016,1
0.573243,1
0.573469,1
0.573696,1
0.573923,1
0.57415,1
0.574376,1
0.574603,1
0.57483,1
0.575057,0
0.575283,0
0.57551,0
0.575737,0
0.575964,0
0.57619,0
0.576417,0
0.576644,0
0.576871,0
0.577098,0
0.577324,0
0.577551,0
0.577778,0
0.578005,0
0.578231,0
0.578458,0
0.578685,0
0.578912,0
0.579138,0
0.579365,0
0.579592,0
0.579819,0
0.580045,1
0.580272,1
0.580499,1
0.580726,1
0.580952,1
0.581179,1
0.581406,1
0.581633,1
0.581859,1
0.582086,1
0.582313,1
0.58254,1
0.582766,1
0.582993,1
0.58322,1
0.583447,1
0.583673,1
0.5839,1
0.584127,1
0.584354,1
0.58458,1
0.584807,1
0.585034,0
0.585261,0
0.585488,0
0.585714,0
0.585941,0
0.586168,0
0.586395,0
0.586621,0
0.586848,0
0.587075,0
0.587302,0
0.587528,0
0.587755,0
0.587982,0
0.588209,0
0.588435,0
0.588662,0
0.588889,0
0.589116,0
0.589342,0
0.589569,0
0.589796,0
0.590023,1
0.590249,1
0.590476,1
0.590703,1
0.59093,1
0.591156,1
0.591383,1
0.59161,1
0.591837,1
0.592063,1
0.59229,1
0.592517,1
0.592744,1
0.592971,1
0.593197,1
0.593424,1
0.593651,1
0.593878,1
0.594104,1
0.594331,1
0.594558,1
0.594785,1
0.595011,0
0.595238,0
0.595465,0
0.595692,0
0.595918,0
0.596145,0
0.596372,0
0.596599,0
0.596825,0
0.597052,0
0.597279,0
0.597506,0
0.597732,0
0.597959,0
0.598186,0
0.598413,0
0.598639,0
0.598866,0
0.599093,0
0.59932,0
0.599546,0
0.599773,0
0.6,0
0.600227,1
0.600454,1
0.60068,1
0.600907,1
0.601134,1
0.601361,1
0.601587,1
0.601814,1
0.602041,1
0.602268,1
0.602494,1
0.602721,1
0.602948,1
0.603175,1
0.603401,1
0.603628,1
0.603855,1
0.604082,1
0.604308,1
0.604535,1
0.604762,1
0.604989,1
0.605215,0
0.605442,0
0.605669,0
0.605896,0
0.606122,0
0.606349,0
0.606576,0
0.606803,0
0.607029,0
0.607256,0
0.607483,0
0.60771,0
0.607937,0
0.608163,0
0.60839,0
0.608617,0
0.608844,0
0.60907,0
0.609297,0
0.609524,0
0.609751,0
0.609977,0
0.610204,1
0.610431,1
0.610658,1
0.610884,1
0.611111,1
0.611338,1
0.611565,1
0.611791,1
0.612018,1
0.612245,1
0.612472,1
0.612698,1
0.612925,1
0.613152,1
0.613379,1
0.613605,1
0.613832,1
0.614059,1
0.614286,1
0.614512,1
0.614739,1
0.614966,1
0.615193,0
0.61542,0
0.615646,0
0.615873,0
0.6161,0
0.616327,0
0.616553,0
0.61678,0
0.617007,0
0.617234,0
0.61746,0
0.617687,0
0.617914,0
0.618141,0
0.618367,0
0.618594,0
0.618821,0
0.619048,0
0.619274,0
0.619501,0
0.619728,0
0.619955,0
0.620181,1
0.620408,1
0.620635,1
0.620862,1
0.621088,1
0.621315,1
0.621542,1
0.621769,1
0.621995,1
0.622222,1
0.622449,1
0.622676,1
0.622902,1
0.623129,1
0.623356,1
0.623583,1
0.62381,1
0.624036,1
0.624263,1
0.62449,1
0.624717,1
0.624943,1
0.62517,0
0.625397,0
0.625624,0
0.62585,0
0.626077,0
0.626304,0
0.626531,0
0.626757,0
0.626984,0
0.627211,0
0.627438,0
0.627664,0
0.627891,0
0.628118,0
0.628345,0
0.628571,0
0.628798,0
0.629025,0
0.629252,0
0.629478,0
0.629705,0
0.629932,0
0.630159,1
0.630385,1
0.630612,1
0.630839,1
0.631066,1
0.631293,1
0.631519,1
0.631746,1
0.631973,1
0.6322,1
0.632426,1
0.632653,1
0.63288,1
0.633107,1
0.633333,1
0.63356,1
0.633787,1
0.634014,1
0.63424,1
0.634467,1
0.634694,1
0.634921,1
0.635147,0
0.635374,0
0.635601,0
0.635828,0
0.636054,0
0.636281,0
0.636508,0
0.636735,0
0.636961,0
0.637188,0
0.637415,0
0.637642,0
0.637868,0
0.638095,0
0.638322,0
0.638549,0
0.638776,0
0.639002,0
0.639229,0
0.639456,0
0.639683,0
0.639909,0
0.640136,1
0.640363,1
0.64059,1
0.640816,1
0.641043,1
0.64127,1
0.641497,1
0.641723,1
0.64195,1
0.642177,1
0.642404,1
0.64263,1
0.642857,1
0.643084,1
0.643311,1
0.643537,1
0.643764,1
0.643991,1
0.644218,1
0.644444,1
0.644671,1
0.644898,1
0.645125,0
0.645351,0
0.645578,0
0.645805,0
0.646032,0
0.646259,0
0.646485,0
0.646712,0
0.646939,0
0.647166,0
0.647392,0
0.647619,0
0.647846,0
0.648073,0
0.648299,0
0.648526,0
0.648753,0
0.64898,0
0.649206,0
0.649433,0
0.64966,0
0.649887,0
0.650113,1
0.65034,1
0.650567,1
0.650794,1
0.65102,1
0.651247,1
0.651474,1
0.651701,1
0.651927,1
0.652154,1
0.652381,1
0.652608,1
0.652834,1
0.653061,1
0.653288,1
0.653515,1
0.653741,1
0.653968,1
0.654195,1
0.654422,1
0.654649,1
0.654875,1
0.655102,0
0.655329,0
0.655556,0
0.655782,0
0.656009,0
0.656236,0
0.656463,0
0.656689,0
0.656916,0
0.657143,0
0.65737,0
0.657596,0
0.657823,0
0.65805,0
0.658277,0
0.658503,0
0.65873,0
0.658957,0
0.659184,0
0.65941,0
0.659637,0
0.659864,0
0.660091,1
0.660317,1
0.660544,1
0.660771,1
0.660998,1
0.661224,1
0.661451,1
0.661678,1
0.661905,1
0.662132,1
0.662358,1
0.662585,1
0.662812,1
0.663039,1
0.663265,1
0.663492,1
0.663719,1
0.663946,1
0.664172,1
0.664399,1
0.664626,1
0.664853,1
0.665079,0
0.665306,0
0.665533,0
0.66576,0
0.665986,0
0.666213,0
0.66644,0
0.666667,0
0.666893,0
0.66712,0
0.667347,0
0.667574,0
0.6678,0
0.668027,0
0.668254,0
0.668481,0
0.668707,0
0.668934,0
0.669161,0
0.669388,0
0.669615,0
0.669841,0
0.670068,1
0.670295,1
0.670522,1
0.670748,1
0.670975,1
0.671202,1
0.671429,1
0.671655,1
0.671882,1
0.672109,1
0.672336,1
0.672562,1
0.672789,1
0.673016,1
0.673243,1
0.673469,1
0.673696,1
0.673923,1
0.67415,1
0.674376,1
0.674603,1
0.67483,1
0.675057,0
0.675283,0
0.67551,0
0.675737,0
0.675964,0
0.67619,0
0.676417,0
0.676644,0
0.676871,0
0.677098,0
0.677324,0
0.677551,0
0.677778,0
0.678005,0
0.678231,0
0.678458,0
0.678685,0
0.678912,0
0.679138,0
0.679365,0
0.679592,0
0.679819,0
0.680045,1
0.680272,1
0.680499,1
0.680726,1
0.680952,1
0.681179,1
0.681406,1
0.681633,1
0.681859,1
0.682086,1
0.682313,1
0.68254,1
0.682766,1
0.682993,1
0.68322,1
0.683447,1
0.683673,1
0.6839,1
0.684127,1
0.684354,1
0.68458,1
0.684807,1
0.685034,0
0.685261,0
0.685488,0
0.685714,0
0.685941,0
0.686168,0
0.686395,0
0.686621,0
0.686848,0
0.687075,0
0.687302,0
0.687528,0
0.687755,0
0.687982,0
0.688209,0
0.688435,0
0.688662,0
0.688889,0
0.689116,0
0.689342,0
0.689569,0
0.689796,0
0.690023,1
0.690249,1
0.690476,1
0.690703,1
0.69093,1
0.691156,1
0.691383,1
0.69161,1
0.691837,1
0.692063,1
0.69229,1
0.692517,1
0.692744,1
0.692971,1
0.693197,1
0.693424,1
0.693651,1
0.693878,1
0.694104,1
0.694331,1
0.694558,1
0.694785,1
0.695011,0
0.695238,0
0.695465,0
0.695692,0
0.695918,0
0.696145,0
0.696372,0
0.696599,0
0.696825,0
0.697052,0
0.697279,0
0.697506,0
0.697732,0
0.697959,0
0.698186,0
0.698413,0
0.698639,0
0.698866,0
0.699093,0
0.69932,0
0.699546,0
0.699773,0
0.7,0
0.700227,1
0.700454,1
0.70068,1
0.700907,1
0.701134,1
0.701361,1
0.701587,1
0.701814,1
0.702041,1
0.702268,1
0.702494,1
0.702721,1
0.702948,1
0.703175,1
0.703401,1
0.703628,1
0.703855,1
0.704082,1
0.704308,1
0.704535,1
0.704762,1
0.704989,1
0.705215,0
0.705442,0
0.705669,0
0.705896,0
0.706122,0
0.706349,0
0.706576,0
0.706803,0
0.707029,0
0.707256,0
0.707483,0
0.70771,0
0.707937,0
0.708163,0
0.70839,0
0.708617,0
0.708844,0
0.70907,0
0.709297,0
0.709524,0
0.709751,0
0.709977,0
0.710204,1
0.710431,1
0.710658,1
0.710884,1
0.711111,1
0.711338,1
0.711565,1
0.711791,1
0.712018,1
0.712245,1
0.712472,1
0.712698,1
0.712925,1
0.713152,1
0.713379,1
0.713605,1
0.713832,1
0.714059,1
0.714286,1
0.714512,1
0.714739,1
0.714966,1
0.715193,0
0.71542,0
0.715646,0
0.715873,0
0.7161,0
0.716327,0
0.716553,0
0.71678,0
0.717007,0
0.717234,0
0.71746,0
0.717687,0
0.717914,0
0.718141,0
0.718367,0
0.718594,0
0.718821,0
0.719048,0
0.719274,0
0.719501,0
0.719728,0
0.719955,0
0.720181,1
0.720408,1
0.720635,1
0.720862,1
0.721088,1
0.721315,1
0.721542,1
0.721769,1
0.721995,1
0.722222,1
0.722449,1
0.722676,1
0.722902,1
0.723129,1
0.723356,1
0.723583,1
0.72381,1
0.724036,1
0.724263,1
0.72449,1
0.724717,1
0.724943,1
0.72517,0
0.725397,0
0.725624,0
0.72585,0
0.726077,0
0.726304,0
0.726531,0
0.726757,0
0.726984,0
0.727211,0
0.727438,0
0.727664,0
0.727891,0
0.728118,0
0.728345,0
0.728571,0
0.728798,0
0.729025,0
0.729252,0
0.729478,0
0.729705,0
0.729932,0
0.730159,1
0.730385,1
0.730612,1
0.730839,1
0.731066,1
0.731293,1
0.731519,1
0.731746,1
0.731973,1
0.7322,1
0.732426,1
0.732653,1
0.73288,1
0.733107,1
0.733333,1
0.73356,1
0.733787,1
0.734014,1
0.73424,1
0.734467,1
0.734694,1
0.734921,1
0.735147,0
0.735374,0
0.735601,0
0.735828,0
0.736054,0
0.736281,0
0.736508,0
0.736735,0
0.736961,0
0.737188,0
0.737415,0
0.737642,0
0.737868,0
0.738095,0
0.738322,0
0.738549,0
0.738776,0
0.739002,0
0.739229,0
0.739456,0
0.739683,0
0.739909,0
0.740136,1
0.740363,1
0.74059,1
0.740816,1
0.741043,1
0.74127,1
0.741497,1
0.741723,1
0.74195,1
0.742177,1
0.742404,1
0.74263,1
0.742857,1
0.743084,1
0.743311,1
0.743537,1
0.743764,1
0.743991,1
0.744218,1
0.744444,1
0.744671,1
0.744898,1
0.745125,0
0.745351,0
0.745578,0
0.745805,0
0.746032,0
0.746259,0
0.746485,0
0.746712,0
0.746939,0
0.747166,0
0.747392,0
0.747619,0
0.747846,0
0.748073,0
0.748299,0
0.748526,0
0.748753,0
0.74898,0
0.749206,0
0.749433,0
0.74966,0
0.749887,0
0.750113,1
0.75034,1
0.750567,1
0.750794,1
0.75102,1
0.751247,1
0.751474,1
0.751701,1
0.751927,1
0.752154,1
0.752381,1
0.752608,1
0.752834,1
0.753061,1
0.753288,1
0.753515,1
0.753741,1
0.753968,1
0.754195,1
0.754422,1
0.754649,1
0.754875,1
0.755102,0
0.755329,0
0.755556,0
0.755782,0
0.756009,0
0.756236,0
0.756463,0
0.756689,0
0.756916,0
0.757143,0
0.75737,0
0.757596,0
0.757823,0
0.75805,0
0.758277,0
0.758503,0
0.75873,0
0.758957,0
0.759184,0
0.75941,0
0.759637,0
0.759864,0
0.760091,1
0.760317,1
0.760544,1
0.760771,1
0.760998,1
0.761224,1
0.761451,1
0.761678,1
0.761905,1
0.762132,1
0.762358,1
0.762585,1
0.762812,1
0.763039,1
0.763265,1
0.763492,1
0.763719,1
0.763946,1
0.764172,1
0.764399,1
0.764626,1
0.764853,1
0.765079,0
0.765306,0
0.765533,0
0.76576,0
0.765986,0
0.766213,0
0.76644,0
0.766667,0
0.766893,0
0.76712,0
0.767347,0
0.767574,0
0.7678,0
0.768027,0
0.768254,0
0.768481,0
0.768707,0
0.768934,0
0.769161,0
0.769388,0
0.769615,0
0.769841,0
0.770068,1
0.770295,1
0.770522,1
0.770748,1
0.770975,1
0.771202,1
0.771429,1
0.771655,1
0.771882,1
0.772109,1
0.772336,1
0.772562,1
0.772789,1
0.773016,1
0.773243,1
0.773469,1
0.773696,1
0.773923,1
0.77415,1
0.774376,1
0.774603,1
0.77483,1
0.775057,0
0.775283,0
0.77551,0
0.775737,0
0.775964,0
0.77619,0
0.776417,0
0.776644,0
0.776871,0
0.777098,0
0.777324,0
0.777551,0
0.777778,0
0.778005,0
0.778231,0
0.778458,0
0.778685,0
0.778912,0
0.779138,0
0.779365,0
0.779592,0
0.779819,0
0.780045,1
0.780272,1
0.780499,1
0.780726,1
0.780952,1
0.781179,1
0.781406,1
0.781633,1
0.781859,1
0.782086,1
0.782313,1
0.78254,1
0.782766,1
0.782993,1
0.78322,1
0.783447,1
0.783673,1
0.7839,1
0.784127,1
0.784354,1
0.78458,1
0.784807,1
0.785034,0
0.785261,0
0.785488,0
0.785714,0
0.785941,0
0.786168,0
0.786395,0
0.786621,0
0.786848,0
0.787075,0
0.787302,0
0.787528,0
0.787755,0
0.787982,0
0.788209,0
0.788435,0
0.788662,0
0.788889,0
0.789116,0
0.789342,0
0.789569,0
0.789796,0
0.790023,1
0.790249,1
0.790476,1
0.790703,1
0.79093,1
0.791156,1
0.791383,1
0.79161,1
0.791837,1
0.792063,1
0.79229,1
0.792517,1
0.792744,1
0.792971,1
0.793197,1
0.793424,1
0.793651,1
0.793878,1
0.794104,1
0.794331,1
0.794558,1
0.794785,1
0.795011,0
0.795238,0
0.795465,0
0.795692,0
0.795918,0
0.796145,0
0.796372,0
0.796599,0
0.796825,0
0.797052,0
0.797279,0
0.797506,0
0.797732,0
0.797959,0
0.798186,0
0.798413,0
0.798639,0
0.798866,0
0.799093,0
0.79932,0
0.799546,0
0.799773,0
0.8,0
0.800227,1
0.800454,1
0.80068,1
0.800907,1
0.801134,1
0.801361,1
0.801587,1
0.801814,1
0.802041,1
0.802268,1
0.802494,1
0.802721,1
0.802948,1
0.803175,1
0.803401,1
0.803628,1
0.803855,1
0.804082,1
0.804308,1
0.804535,1
0.804762,1
0.804989,1
0.805215,0
0.805442,0
0.805669,0
0.805896,0
0.806122,0
0.806349,0
0.806576,0
0.806803,0
0.807029,0
0.807256,0
0.807483,0
0.80771,0
0.807937,0
0.808163,0
0.80839,0
0.808617,0
0.808844,0
0.80907,0
0.809297,0
0.809524,0
0.809751,0
0.809977,0
0.810204,1
0.810431,1
0.810658,1
0.810884,1
0.811111,1
0.811338,1
0.811565,1
0.811791,1
0.812018,1
0.812245,1
0.812472,1
0.812698,1
0.812925,1
0.813152,1
0.813379,1
0.813605,1
0.813832,1
0.814059,1
0.814286,1
0.814512,1
0.814739,1
0.814966,1
0.815193,0
0.81542,0
0.815646,0
0.815873,0
0.8161,0
0.816327,0
0.816553,0
0.81678,0
0.817007,0
0.817234,0
0.81746,0
0.817687,0
0.817914,0
0.818141,0
0.818367,0
0.818594,0
0.818821,0
0.819048,0
0.819274,0
0.819501,0
0.819728,0
0.819955,0
0.820181,1
0.820408,1
0.820635,1
0.820862,1
0.821088,1
0.821315,1
0.821542,1
0.821769,1
0.821995,1
0.822222,1
0.822449,1
0.822676,1
0.822902,1
0.823129,1
0.823356,1
0.823583,1
0.82381,1
0.824036,1
0.824263,1
0.82449,1
0.824717,1
0.824943,1
0.82517,0
0.825397,0
0.825624,0
0.82585,0
0.826077,0
0.826304,0
0.826531,0
0.826757,0
0.826984,0
0.827211,0
0.827438,0
0.827664,0
0.827891,0
0.828118,0
0.828345,0
0.828571,0
0.828798,0
0.829025,0
0.829252,0
0.829478,0
0.829705,0
0.829932,0
0.830159,1
0.830385,1
0.830612,1
0.830839,1
0.831066,1
0.831293,1
0.831519,1
0.831746,1
0.831973,1
0.8322,1
0.832426,1
0.832653,1
0.83288,1
0.833107,1
0.833333,1
0.83356,1
0.833787,1
0.834014,1
0.83424,1
0.834467,1
0.834694,1
0.834921,1
0.835147,0
0.835374,0
0.835601,0
0.835828,0
0.836054,0
0.836281,0
0.836508,0
0.836735,0
0.836961,0
0.837188,0
0.837415,0
0.837642,0
0.837868,0
0.838095,0
0.838322,0
0.838549,0
0.838776,0
0.839002,0
0.839229,0
0.839456,0
0.839683,0
0.839909,0
0.840136,1
0.840363,1
0.84059,1
0.840816,1
0.841043,1
0.84127,1
0.841497,1
0.841723,1
0.84195,1
0.842177,1
0.842404,1
0.84263,1
0.842857,1
0.843084,1
0.843311,1
0.843537,1
0.843764,1
0.843991,1
0.844218,1
0.844444,1
0.844671,1
0.844898,1
0.845125,0
0.845351,0
0.845578,0
0.845805,0
0.846032,0
0.846259,0
0.846485,0
0.846712,0
0.846939,0
0.847166,0
0.847392,0
0.847619,0
0.847846,0
0.848073,0
0.848299,0
0.848526,0
0.848753,0
0.84898,0
0.849206,0
0.849433,0
0.84966,0
0.849887,0
0.850113,1
0.85034,1
0.850567,1
0.850794,1
0.85102,1
0.851247,1
0.851474,1
0.851701,1
0.851927,1
0.852154,1
0.852381,1
0.852608,1
0.852834,1
0.853061,1
0.853288,1
0.853515,1
0.853741,1
0.853968,1
0.854195,1
0.854422,1
0.854649,1
0.854875,1
0.855102,0
0.855329,0
0.855556,0
0.855782,0
0.856009,0
0.856236,0
0.856463,0
0.856689,0
0.856916,0
0.857143,0
0.85737,0
0.857596,0
0.857823,0
0.85805,0
0.858277,0
0.858503,0
0.85873,0
0.858957,0
0.859184,0
0.85941,0
0.859637,0
0.859864,0
0.860091,1
0.860317,1
0.860544,1
0.860771,1
0.860998,1
0.861224,1
0.861451,1
0.861678,1
0.861905,1
0.862132,1
0.862358,1
0.862585,1
0.862812,1
0.863039,1
0.863265,1
0.863492,1
0.863719,1
0.863946,1
0.864172,1
0.864399,1
0.864626,1
0.864853,1
0.865079,0
0.865306,0
0.865533,0
0.86576,0
0.865986,0
0.866213,0
0.86644,0
0.866667,0
0.866893,0
0.86712,0
0.867347,0
0.867574,0
0.8678,0
0.868027,0
0.868254,0
0.868481,0
0.868707,0
0.868934,0
0.869161,0
0.869388,0
0.869615,0
0.869841,0
0.870068,1
0.870295,1
0.870522,1
0.870748,1
0.870975,1
0.871202,1
0.871429,1
0.871655,1
0.871882,1
0.872109,1
0.872336,1
0.872562,1
0.872789,1
0.873016,1
0.873243,1
0.873469,1
0.873696,1
0.873923,1
0.87415,1
0.874376,1
0.874603,1
0.87483,1
0.875057,0
0.875283,0
0.87551,0
0.875737,0
0.875964,0
0.87619,0
0.876417,0
0.876644,0
0.876871,0
0.877098,0
0.877324,0
0.877551,0
0.877778,0
0.878005,0
0.878231,0
0.878458,0
0.878685,0
0.878912,0
0.879138,0
0.879365,0
0.879592,0
0.879819,0
0.880045,1
0.880272,1
0.880499,1
0.880726,1
0.880952,1
0.881179,1
0.881406,1
0.881633,1
0.881859,1
0.882086,1
0.882313,1
0.88254,1
0.882766,1
0.882993,1
0.88322,1
0.883447,1
0.883673,1
0.8839,1
0.884127,1
0.884354,1
0.88458,1
0.884807,1
0.885034,0
0.885261,0
0.885488,0
0.885714,0
0.885941,0
0.886168,0
0.886395,0
0.886621,0
0.886848,0
0.887075,0
0.887302,0
0.887528,0
0.887755,0
0.887982,0
0.888209,0
0.888435,0
0.888662,0
0.888889,0
0.889116,0
0.889342,0
0.889569,0
0.889796,0
0.890023,1
0.890249,1
0.890476,1
0.890703,1
0.89093,1
0.891156,1
0.891383,1
0.89161,1
0.891837,1
0.892063,1
0.89229,1
0.892517,1
0.892744,1
0.892971,1
0.893197,1
0.893424,1
0.893651,1
0.893878,1
0.894104,1
0.894331,1
0.894558,1
0.894785,1
0.895011,0
0.895238,0
0.895465,0
0.895692,0
0.895918,0
0.896145,0
0.896372,0
0.896599,0
0.896825,0
0.897052,0
0.897279,0
0.897506,0
0.897732,0
0.897959,0
0.898186,0
0.898413,0
0.898639,0
0.898866,0
0.899093,0
0.89932,0
0.899546,0
0.899773,0
0.9,0
0.900227,1
0.900454,1
0.90068,1
0.900907,1
0.901134,1
0.901361,1
0.901587,1
0.901814,1
0.902041,1
0.902268,1
0.902494,1
0.902721,1
0.902948,1
0.903175,1
0.903401,1
0.903628,1
0.903855,1
0.904082,1
0.904308,1
0.904535,1
0.904762,1
0.904989,1
0.905215,0
0.905442,0
0.905669,0
0.905896,0
0.906122,0
0.906349,0
0.906576,0
0.906803,0
0.907029,0
0.907256,0
0.907483,0
0.90771,0
0.907937,0
0.908163,0
0.90839,0
0.908617,0
0.908844,0
0.90907,0
0.909297,0
0.909524,0
0.909751,0
0.909977,0
0.910204,1
0.910431,1
0.910658,1
0.910884,1
0.911111,1
0.911338,1
0.911565,1
0.911791,1
0.912018,1
0.912245,1
0.912472,1
0.912698,1
0.912925,1
0.913152,1
0.913379,1
0.913605,1
0.913832,1
0.914059,1
0.914286,1
0.914512,1
0.914739,1
0.914966,1
0.915193,0
0.91542,0
0.915646,0
0.915873,0
0.9161,0
0.916327,0
0.916553,0
0.91678,0
0.917007,0
0.917234,0
0.91746,0
0.917687,0
0.917914,0
0.918141,0
0.918367,0
0.918594,0
0.918821,0
0.919048,0
0.919274,0
0.919501,0
0.919728,0
0.919955,0
0.920181,1
0.920408,1
0.920635,1
0.920862,1
0.921088,1
0.921315,1
0.921542,1
0.921769,1
0.921995,1
0.922222,1
0.922449,1
0.922676,1
0.922902,1
0.923129,1
0.923356,1
0.923583,1
0.92381,1
0.924036,1
0.924263,1
0.92449,1
0.924717,1
0.924943,1
0.92517,0
0.925397,0
0.925624,0
0.92585,0
0.926077,0
0.926304,0
0.926531,0
0.926757,0
0.926984,0
0.927211,0
0.927438,0
0.927664,0
0.927891,0
0.928118,0
0.928345,0
0.928571,0
0.928798,0
0.929025,0
0.929252,0
0.929478,0
0.929705,0
0.929932,0
0.930159,1
0.930385,1
0.930612,1
0.930839,1
0.931066,1
0.931293,1
0.931519,1
0.931746,1
0.931973,1
0.9322,1
0.932426,1
0.932653,1
0.93288,1
0.933107,1
0.933333,1
0.93356,1
0.933787,1
0.934014,1
0.93424,1
0.934467,1
0.934694,1
0.934921,1
0.935147,0
0.935374,0
0.935601,0
0.935828,0
0.936054,0
0.936281,0
0.936508,0
0.936735,0
0.936961,0
0.937188,0
0.937415,0
0.937642,0
0.937868,0
0.938095,0
0.938322,0
0.938549,0
0.938776,0
0.939002,0
0.939229,0
0.939456,0
0.939683,0
0.939909,0
0.940136,1
0.940363,1
0.94059,1
0.940816,1
0.941043,1
0.94127,1
0.941497,1
0.941723,1
0.94195,1
0.942177,1
0.942404,1
0.94263,1
0.942857,1
0.943084,1
0.943311,1
0.943537,1
0.943764,1
0.943991,1
0.944218,1
0.944444,1
0.944671,1
0.944898,1
0.945125,0
0.945351,0
0.945578,0
0.945805,0
0.946032,0
0.946259,0
0.946485,0
0.946712,0
0.946939,0
0.947166,0
0.947392,0
0.947619,0
0.947846,0
0.948073,0
0.948299,0
0.948526,0
0.948753,0
0.94898,0
0.949206,0
0.949433,0
0.94966,0
0.949887,0
0.950113,1
0.95034,1
0.950567,1
0.950794,1
0.95102,1
0.951247,1
0.951474,1
0.951701,1
0.951927,1
0.952154,1
0.952381,1
0.952608,1
0.952834,1
0.953061,1
0.953288,1
0.953515,1
0.953741,1
0.953968,1
0.954195,1
0.954422,1
0.954649,1
0.954875,1
0.955102,0
0.955329,0
0.955556,0
0.955782,0
0.956009,0
0.956236,0
0.956463,0
0.956689,0
0.956916,0
0.957143,0
0.95737,0
0.957596,0
0.957823,0
0.95805,0
0.958277,0
0.958503,0
0.95873,0
0.958957,0
0.959184,0
0.95941,0
0.959637,0
0.959864,0
0.960091,1
0.960317,1
0.960544,1
0.960771,1
0.960998,1
0.961224,1
0.961451,1
0.961678,1
0.961905,1
0.962132,1
0.962358,1
0.962585,1
0.962812,1
0.963039,1
0.963265,1
0.963492,1
0.963719,1
0.963946,1
0.964172,1
0.964399,1
0.964626,1
0.964853,1
0.965079,0
0.965306,0
0.965533,0
0.96576,0
0.965986,0
0.966213,0
0.96644,0
0.966667,0
0.966893,0
0.96712,0
0.967347,0
0.967574,0
0.9678,0
0.968027,0
0.968254,0
0.968481,0
0.968707,0
0.968934,0
0.969161,0
0.969388,0
0.969615,0
0.969841,0
0.970068,1
0.970295,1
0.970522,1
0.970748,1
0.970975,1
0.971202,1
0.971429,1
0.971655,1
0.971882,1
0.972109,1
0.972336,1
0.972562,1
0.972789,1
0.973016,1
0.973243,1
0.973469,1
0.973696,1
0.973923,1
0.97415,1
0.974376,1
0.974603,1
0.97483,1
0.975057,0
0.975283,0
0.97551,0
0.975737,0
0.975964,0
0.97619,0
0.976417,0
0.976644,0
0.976871,0
0.977098,0
0.977324,0
0.977551,0
0.977778,0
0.978005,0
0.978231,0
0.978458,0
0.978685,0
0.978912,0
0.979138,0
0.979365,0
0.979592,0
0.979819,0
0.980045,1
0.980272,1
0.980499,1
0.980726,1
0.980952,1
0.981179,1
0.981406,1
0.981633,1
0.981859,1
0.982086,1
0.982313,1
0.98254,1
0.982766,1
0.982993,1
0.98322,1
0.983447,1
0.983673,1
0.9839,1
0.984127,1
0.984354,1
0.98458,1
0.984807,1
0.985034,0
0.985261,0
0.985488,0
0.985714,0
0.985941,0
0.986168,0
0.986395,0
0.986621,0
0.986848,0
0.987075,0
0.987302,0
0.987528,0
0.987755,0
0.987982,0
0.988209,0
0.988435,0
0.988662,0
0.988889,0
0.989116,0
0.989342,0
0.989569,0
0.989796,0
0.990023,1
0.990249,1
0.990476,1
0.990703,1
0.99093,1
0.991156,1
0.991383,1
0.99161,1
0.991837,1
0.992063,1
0.99229,1
0.992517,1
0.992744,1
0.992971,1
0.993197,1
0.993424,1
0.993651,1
0.993878,1
0.994104,1
0.994331,1
0.994558,1
0.994785,1
0.995011,0
0.995238,0
0.995465,0
0.995692,0
0.995918,0
0.996145,0
0.996372,0
0.996599,0
0.996825,0
0.997052,0
0.997279,0
0.997506,0
0.997732,0
0.997959,0
0.998186,0
0.998413,0
0.998639,0
0.998866,0
0.999093,0
0.99932,0
0.999546,0
0.999773,0
1,0
